Property ID,City,Location,Property Type,Bedrooms,Property Size (sq ft),Sale Price,Monthly Rent,Rental Yield %,Demand Score,Supply Score,Vacancy Rate,Interest Rate,Inflation Rate,Year,Latitude,Longitude
PROP-0001,Mumbai,South,Villa,2,2645,15840412,73880,5.6,85,57,2.55,6.74,5.21,2019,19.076,72.8777
PROP-0002,Hyderabad,Central,Villa,2,2008,19636283,107523,6.57,85,99,9.7,7.0,5.01,2021,17.385,78.4867
PROP-0003,Chennai,East,Commercial,2,3078,24754933,84862,4.11,91,51,7.57,6.02,4.35,2020,13.0827,80.2707
PROP-0004,Bengaluru,Central,Plot,2,2672,18923191,94975,6.02,91,85,5.56,6.77,6.01,2020,12.9716,77.5946
PROP-0005,Pune,Central,Plot,4,3677,3916929,36922,11.31,91,57,5.45,6.93,4.85,2023,18.5204,73.8567
PROP-0006,Pune,Central,Plot,2,1950,11293085,45437,4.83,93,93,3.78,8.35,5.81,2022,18.5204,73.8567
PROP-0007,Bengaluru,South,Plot,3,3893,7148014,53923,9.05,85,68,4.55,7.94,4.83,2018,12.9716,77.5946
PROP-0008,Delhi,North,Plot,1,3282,22870254,102512,5.38,97,95,3.26,7.22,7.53,2025,28.6139,77.209
PROP-0009,Bengaluru,Central,Villa,5,774,24648349,83553,4.07,66,54,2.5,8.5,7.35,2021,12.9716,77.5946
PROP-0010,Chennai,West,Apartment,1,2246,23920889,68428,3.43,77,42,11.0,8.58,5.38,2025,13.0827,80.2707
PROP-0011,Chennai,East,Plot,4,1444,23357439,91310,4.69,96,98,4.81,6.22,5.89,2020,13.0827,80.2707
PROP-0012,Mumbai,Central,Apartment,4,1970,12562131,50432,4.82,92,47,10.53,6.28,4.1,2025,19.076,72.8777
PROP-0013,Mumbai,Central,Commercial,2,1647,13741641,35637,3.11,79,66,5.56,8.6,7.85,2021,19.076,72.8777
PROP-0014,Pune,East,Commercial,3,2639,20826714,59240,3.41,69,79,9.79,7.81,4.58,2019,18.5204,73.8567
PROP-0015,Mumbai,South,Villa,2,3733,15844249,60295,4.57,63,77,5.51,8.32,4.08,2019,19.076,72.8777
PROP-0016,Hyderabad,North,Apartment,4,3579,12704178,59520,5.62,67,46,10.4,7.24,4.68,2022,17.385,78.4867
PROP-0017,Pune,North,Plot,4,3768,10504351,59135,6.76,83,60,9.27,8.69,4.68,2024,18.5204,73.8567
PROP-0018,Pune,West,Commercial,4,2266,7567935,91946,14.58,91,59,9.4,6.75,7.13,2019,18.5204,73.8567
PROP-0019,Chennai,West,Villa,4,809,8738829,79882,10.97,89,89,5.13,8.96,4.72,2021,13.0827,80.2707
PROP-0020,Chennai,South,Villa,2,3243,24750489,83102,4.03,82,56,6.84,6.49,4.87,2018,13.0827,80.2707
PROP-0021,Delhi,East,Commercial,2,916,22659399,50238,2.66,62,73,6.78,8.22,7.89,2022,28.6139,77.209
PROP-0022,Mumbai,North,Villa,3,3159,14759059,97094,7.89,92,52,6.51,6.91,4.34,2023,19.076,72.8777
PROP-0023,Chennai,North,Commercial,4,1238,11611819,83925,8.67,95,96,3.0,6.51,6.12,2021,13.0827,80.2707
PROP-0024,Hyderabad,South,Commercial,3,1479,23924557,38102,1.91,92,61,8.29,6.43,5.99,2022,17.385,78.4867
PROP-0025,Mumbai,North,Apartment,2,1581,22629366,48893,2.59,74,82,6.23,8.91,5.56,2022,19.076,72.8777
PROP-0026,Mumbai,North,Villa,4,1861,7562106,108193,17.17,80,49,3.3,8.46,6.9,2025,19.076,72.8777
PROP-0027,Bengaluru,West,Apartment,5,1413,20896857,56357,3.24,78,100,11.0,8.37,4.39,2023,12.9716,77.5946
PROP-0028,Hyderabad,North,Apartment,5,3462,8179134,96021,14.09,81,47,4.56,6.78,4.52,2022,17.385,78.4867
PROP-0029,Bengaluru,South,Apartment,1,3740,21580245,66016,3.67,82,63,2.84,8.12,7.42,2020,12.9716,77.5946
PROP-0030,Bengaluru,South,Villa,2,2880,15602391,39495,3.04,92,62,6.92,7.04,4.21,2023,12.9716,77.5946
PROP-0031,Mumbai,East,Plot,4,1407,4627163,83270,21.6,87,87,2.08,8.48,7.68,2022,19.076,72.8777
PROP-0032,Bengaluru,North,Villa,5,3495,12518734,29674,2.84,85,40,6.87,6.46,4.16,2021,12.9716,77.5946
PROP-0033,Delhi,West,Plot,1,592,3463958,86270,29.89,95,76,4.22,8.27,6.11,2020,28.6139,77.209
PROP-0034,Chennai,West,Commercial,2,3820,8877353,82074,11.09,75,95,7.56,7.97,7.52,2020,13.0827,80.2707
PROP-0035,Mumbai,East,Commercial,2,3433,12581525,59316,5.66,83,91,4.29,6.08,5.46,2021,19.076,72.8777
PROP-0036,Mumbai,North,Plot,2,2466,21697433,80706,4.46,95,56,9.56,7.08,6.4,2018,19.076,72.8777
PROP-0037,Bengaluru,South,Apartment,1,2007,9131299,114292,15.02,95,78,4.8,8.28,5.22,2021,12.9716,77.5946
PROP-0038,Mumbai,South,Apartment,4,3601,3132271,41466,15.89,64,61,8.73,8.05,6.33,2025,19.076,72.8777
PROP-0039,Chennai,West,Commercial,5,2664,4752754,69143,17.46,90,87,3.19,7.04,5.06,2024,13.0827,80.2707
PROP-0040,Mumbai,South,Plot,3,2471,24160410,96839,4.81,81,88,11.22,8.02,7.34,2023,19.076,72.8777
PROP-0041,Bengaluru,West,Plot,3,2059,23119031,83146,4.32,66,62,8.02,7.99,5.16,2019,12.9716,77.5946
PROP-0042,Hyderabad,Central,Plot,1,1562,6458704,64203,11.93,81,90,5.11,7.62,6.67,2022,17.385,78.4867
PROP-0043,Mumbai,North,Commercial,1,3691,19628198,93487,5.72,91,67,8.97,7.21,5.2,2022,19.076,72.8777
PROP-0044,Pune,West,Plot,5,2207,3903784,53617,16.48,69,69,5.92,8.21,4.89,2020,18.5204,73.8567
PROP-0045,Chennai,East,Commercial,1,1759,12215772,65204,6.41,85,71,5.21,7.19,7.11,2018,13.0827,80.2707
PROP-0046,Delhi,East,Apartment,5,3063,13864271,60550,5.24,69,90,5.77,8.3,7.19,2018,28.6139,77.209
PROP-0047,Hyderabad,Central,Apartment,2,3430,13970618,67145,5.77,74,69,10.84,8.02,7.84,2019,17.385,78.4867
PROP-0048,Bengaluru,East,Villa,5,1430,24965013,81251,3.91,77,78,10.7,6.55,5.69,2019,12.9716,77.5946
PROP-0049,Hyderabad,South,Commercial,1,2679,7438088,40790,6.58,71,57,9.85,8.03,4.22,2020,17.385,78.4867
PROP-0050,Delhi,South,Apartment,4,3249,11363539,31057,3.28,75,72,2.88,6.54,6.4,2021,28.6139,77.209
PROP-0051,Delhi,North,Commercial,1,2474,6048093,105024,20.84,60,92,11.56,7.48,7.46,2024,28.6139,77.209
PROP-0052,Delhi,South,Plot,4,3320,5194196,52983,12.24,72,61,5.54,6.98,4.36,2023,28.6139,77.209
PROP-0053,Pune,East,Apartment,1,1697,18731355,28651,1.84,98,51,11.26,6.49,6.14,2019,18.5204,73.8567
PROP-0054,Bengaluru,South,Apartment,5,2907,7061643,23297,3.96,68,87,8.19,8.89,7.15,2022,12.9716,77.5946
PROP-0055,Mumbai,West,Plot,1,1849,20042735,73517,4.4,69,45,4.25,6.43,6.0,2023,19.076,72.8777
PROP-0056,Bengaluru,Central,Villa,1,3893,11831236,24915,2.53,65,48,2.57,8.25,5.85,2018,12.9716,77.5946
PROP-0057,Hyderabad,North,Plot,3,3523,20312828,58899,3.48,64,52,5.16,7.22,5.49,2025,17.385,78.4867
PROP-0058,Chennai,West,Plot,5,855,22773639,29682,1.56,70,94,3.11,8.95,6.7,2023,13.0827,80.2707
PROP-0059,Pune,East,Commercial,1,555,11946836,32330,3.25,63,75,10.56,7.22,4.75,2024,18.5204,73.8567
PROP-0060,Bengaluru,West,Apartment,1,1574,15284266,44747,3.51,67,76,9.2,8.87,6.66,2018,12.9716,77.5946
PROP-0061,Mumbai,South,Apartment,4,581,8909951,48186,6.49,61,84,11.19,7.77,4.91,2018,19.076,72.8777
PROP-0062,Pune,North,Villa,3,706,15335621,39074,3.06,94,95,11.87,7.86,6.32,2019,18.5204,73.8567
PROP-0063,Delhi,Central,Apartment,1,1069,7939278,27655,4.18,74,93,10.04,6.91,6.75,2019,28.6139,77.209
PROP-0064,Hyderabad,East,Plot,5,1779,14022142,10898,0.93,84,54,7.05,6.92,6.26,2022,17.385,78.4867
PROP-0065,Mumbai,North,Commercial,4,3965,20719268,40750,2.36,66,60,9.45,6.29,4.83,2019,19.076,72.8777
PROP-0066,Hyderabad,North,Commercial,1,753,10252877,92705,10.85,99,67,7.95,6.43,7.85,2022,17.385,78.4867
PROP-0067,Chennai,North,Villa,3,2338,21404821,37958,2.13,100,55,8.3,6.42,4.71,2024,13.0827,80.2707
PROP-0068,Mumbai,East,Plot,2,3469,6942935,104758,18.11,83,40,4.77,6.65,4.64,2020,19.076,72.8777
PROP-0069,Hyderabad,Central,Villa,3,3843,15357589,50317,3.93,97,69,2.21,6.56,7.77,2019,17.385,78.4867
PROP-0070,Mumbai,North,Plot,1,3765,10780798,79000,8.79,63,100,2.86,6.6,5.08,2022,19.076,72.8777
PROP-0071,Hyderabad,South,Plot,2,3988,21989994,18767,1.02,95,70,11.39,6.16,6.64,2018,17.385,78.4867
PROP-0072,Hyderabad,North,Apartment,5,3717,15793382,13253,1.01,71,61,6.75,6.68,6.92,2022,17.385,78.4867
PROP-0073,Hyderabad,Central,Commercial,3,2793,12920314,14525,1.35,70,56,6.58,8.74,6.52,2020,17.385,78.4867
PROP-0074,Bengaluru,South,Apartment,2,1172,14258385,116314,9.79,95,68,7.61,7.93,6.49,2021,12.9716,77.5946
PROP-0075,Chennai,South,Commercial,4,3828,3698937,79212,25.7,78,100,6.89,8.56,5.57,2019,13.0827,80.2707
PROP-0076,Bengaluru,North,Villa,2,3235,18166868,76824,5.07,95,72,4.6,7.53,4.13,2025,12.9716,77.5946
PROP-0077,Pune,Central,Plot,1,1715,23150562,30082,1.56,96,81,4.2,7.62,5.3,2024,18.5204,73.8567
PROP-0078,Mumbai,North,Villa,1,3595,3117239,111332,42.86,60,66,8.13,8.67,5.48,2019,19.076,72.8777
PROP-0079,Bengaluru,South,Commercial,5,2515,4362865,46466,12.78,95,100,6.62,8.67,6.72,2022,12.9716,77.5946
PROP-0080,Mumbai,South,Plot,1,3218,3723600,18439,5.94,60,99,6.39,7.38,4.24,2023,19.076,72.8777
PROP-0081,Mumbai,South,Commercial,3,3402,14318251,49673,4.16,92,72,5.54,7.04,4.72,2020,19.076,72.8777
PROP-0082,Chennai,Central,Villa,5,1768,20105681,116477,6.95,80,63,8.75,6.57,4.54,2019,13.0827,80.2707
PROP-0083,Chennai,North,Commercial,2,2634,11516848,49500,5.16,69,71,4.76,8.65,4.56,2018,13.0827,80.2707
PROP-0084,Hyderabad,East,Plot,1,3628,16393811,23349,1.71,82,71,8.76,6.31,5.61,2021,17.385,78.4867
PROP-0085,Chennai,North,Apartment,4,3981,3015103,55017,21.9,64,88,6.84,7.56,7.18,2022,13.0827,80.2707
PROP-0086,Bengaluru,Central,Apartment,5,1876,21161811,34461,1.95,80,90,9.63,7.22,5.58,2024,12.9716,77.5946
PROP-0087,Delhi,East,Villa,5,3419,4559935,89881,23.65,68,52,10.33,6.96,7.48,2021,28.6139,77.209
PROP-0088,Bengaluru,Central,Commercial,1,2391,18054574,53287,3.54,73,52,6.36,6.58,7.8,2023,12.9716,77.5946
PROP-0089,Chennai,North,Plot,1,1261,14225259,79167,6.68,77,87,11.31,7.3,4.01,2025,13.0827,80.2707
PROP-0090,Bengaluru,North,Plot,5,3635,7641001,27815,4.37,75,56,2.11,7.7,4.06,2018,12.9716,77.5946
PROP-0091,Bengaluru,East,Commercial,1,1237,5298741,68793,15.58,99,83,5.94,6.54,5.97,2018,12.9716,77.5946
PROP-0092,Delhi,East,Commercial,3,2696,15180461,65934,5.21,87,79,5.85,8.87,7.19,2025,28.6139,77.209
PROP-0093,Delhi,North,Commercial,5,1561,16668660,110762,7.97,82,96,11.83,7.12,7.45,2021,28.6139,77.209
PROP-0094,Bengaluru,East,Apartment,4,3065,16342128,118334,8.69,63,60,9.83,8.9,5.94,2018,12.9716,77.5946
PROP-0095,Chennai,North,Plot,2,3143,17455712,118289,8.13,88,70,8.69,6.56,5.32,2023,13.0827,80.2707
PROP-0096,Hyderabad,South,Villa,4,1628,6663821,69506,12.52,61,54,8.94,8.36,6.7,2021,17.385,78.4867
PROP-0097,Chennai,South,Commercial,2,2989,23390616,117039,6.0,94,84,8.73,6.54,7.82,2021,13.0827,80.2707
PROP-0098,Bengaluru,North,Commercial,1,1681,21803666,103487,5.7,66,80,6.94,7.43,7.67,2018,12.9716,77.5946
PROP-0099,Delhi,Central,Villa,2,669,15263587,66518,5.23,88,40,8.71,7.69,6.64,2020,28.6139,77.209
PROP-0100,Chennai,South,Villa,5,2058,19053132,24441,1.54,62,42,2.84,6.68,6.39,2022,13.0827,80.2707
PROP-0101,Hyderabad,North,Villa,4,1054,20995029,101485,5.8,63,46,8.54,8.24,6.03,2018,17.385,78.4867
PROP-0102,Bengaluru,South,Plot,4,2421,9867637,88823,10.8,60,84,10.46,6.66,6.31,2019,12.9716,77.5946
PROP-0103,Bengaluru,North,Villa,3,3115,23694566,37714,1.91,64,42,7.94,8.04,4.77,2025,12.9716,77.5946
PROP-0104,Mumbai,North,Villa,5,1840,8987731,56560,7.55,84,98,6.85,7.21,7.16,2021,19.076,72.8777
PROP-0105,Delhi,Central,Villa,1,2747,10310122,70660,8.22,75,68,2.6,6.24,4.08,2022,28.6139,77.209
PROP-0106,Mumbai,West,Villa,3,1833,10497925,110776,12.66,67,53,2.22,6.86,5.37,2021,19.076,72.8777
PROP-0107,Bengaluru,South,Villa,3,1335,18958758,76449,4.84,89,47,4.95,6.42,5.76,2018,12.9716,77.5946
PROP-0108,Delhi,West,Apartment,4,2053,14691142,49093,4.01,83,50,5.82,8.39,5.16,2023,28.6139,77.209
PROP-0109,Delhi,East,Commercial,3,1953,19371697,110134,6.82,63,46,3.94,7.28,4.11,2021,28.6139,77.209
PROP-0110,Delhi,East,Villa,2,1272,14790423,51550,4.18,63,67,3.03,7.16,4.07,2024,28.6139,77.209
PROP-0111,Hyderabad,South,Apartment,4,3434,11202294,80075,8.58,86,95,8.71,8.45,6.21,2021,17.385,78.4867
PROP-0112,Delhi,Central,Villa,1,1792,16722873,117911,8.46,94,69,8.12,7.03,5.79,2022,28.6139,77.209
PROP-0113,Bengaluru,East,Apartment,4,3444,12430933,61141,5.9,75,96,9.65,6.78,6.7,2018,12.9716,77.5946
PROP-0114,Chennai,North,Villa,5,3469,7021890,54347,9.29,99,80,11.89,8.51,5.05,2021,13.0827,80.2707
PROP-0115,Chennai,East,Commercial,5,1140,24042158,75852,3.79,73,99,8.09,8.18,7.51,2021,13.0827,80.2707
PROP-0116,Chennai,North,Plot,1,1975,4830585,41456,10.3,97,95,3.4,7.62,6.2,2023,13.0827,80.2707
PROP-0117,Hyderabad,West,Apartment,2,3409,22904376,75948,3.98,67,80,8.25,8.42,6.49,2024,17.385,78.4867
PROP-0118,Hyderabad,Central,Plot,1,1518,16099555,18710,1.39,84,41,3.95,7.43,4.97,2020,17.385,78.4867
PROP-0119,Pune,East,Commercial,5,3125,18280526,88095,5.78,87,84,8.58,8.36,4.57,2025,18.5204,73.8567
PROP-0120,Delhi,North,Commercial,3,935,8885467,66485,8.98,75,41,8.26,7.32,6.53,2023,28.6139,77.209
PROP-0121,Chennai,North,Commercial,4,1613,15704579,47905,3.66,63,43,11.95,6.74,7.38,2019,13.0827,80.2707
PROP-0122,Chennai,East,Commercial,5,2379,12954236,13385,1.24,66,55,11.79,6.95,4.4,2020,13.0827,80.2707
PROP-0123,Bengaluru,North,Villa,2,2105,23460898,18956,0.97,97,50,3.11,7.87,7.01,2023,12.9716,77.5946
PROP-0124,Pune,West,Commercial,1,3389,15300784,81059,6.36,74,96,4.86,6.65,6.27,2021,18.5204,73.8567
PROP-0125,Hyderabad,East,Plot,4,3308,9514224,116190,14.65,77,87,3.83,7.37,6.9,2023,17.385,78.4867
PROP-0126,Hyderabad,East,Villa,3,2782,15416865,98283,7.65,64,43,7.81,7.34,6.36,2018,17.385,78.4867
PROP-0127,Bengaluru,East,Commercial,1,2794,5451684,77354,17.03,76,51,9.55,7.58,4.58,2022,12.9716,77.5946
PROP-0128,Mumbai,North,Plot,4,3496,13506511,106482,9.46,66,41,2.1,7.98,6.22,2023,19.076,72.8777
PROP-0129,Mumbai,West,Plot,2,3746,8071466,75090,11.16,97,73,7.46,7.93,6.23,2018,19.076,72.8777
PROP-0130,Bengaluru,East,Villa,5,2561,6742360,98995,17.62,77,59,3.01,8.73,6.67,2021,12.9716,77.5946
PROP-0131,Delhi,North,Villa,1,3202,20049768,67072,4.01,69,97,3.7,8.0,7.31,2018,28.6139,77.209
PROP-0132,Hyderabad,North,Villa,5,2455,4025495,26424,7.88,78,89,6.37,8.91,6.09,2021,17.385,78.4867
PROP-0133,Delhi,East,Plot,5,1977,9492792,39276,4.96,91,45,6.41,6.75,6.82,2018,28.6139,77.209
PROP-0134,Pune,South,Villa,2,1247,4710150,58010,14.78,68,61,11.9,8.16,4.86,2020,18.5204,73.8567
PROP-0135,Hyderabad,West,Apartment,5,2593,6061876,99860,19.77,76,82,2.08,8.92,7.83,2024,17.385,78.4867
PROP-0136,Pune,Central,Apartment,1,1385,22292991,55142,2.97,93,77,7.88,7.78,6.42,2023,18.5204,73.8567
PROP-0137,Bengaluru,Central,Commercial,1,3653,18636613,41409,2.67,72,52,3.88,8.68,5.65,2025,12.9716,77.5946
PROP-0138,Pune,West,Plot,5,2453,20919390,79272,4.55,65,72,4.15,6.7,7.18,2018,18.5204,73.8567
PROP-0139,Pune,East,Apartment,1,865,23900398,28671,1.44,87,40,6.05,8.97,7.92,2021,18.5204,73.8567
PROP-0140,Bengaluru,South,Commercial,4,1500,22885844,65302,3.42,75,87,8.56,8.64,7.2,2025,12.9716,77.5946
PROP-0141,Hyderabad,North,Plot,4,2728,11544408,116217,12.08,93,83,3.35,8.53,4.92,2024,17.385,78.4867
PROP-0142,Chennai,South,Apartment,1,1746,5133770,100064,23.39,77,59,11.13,7.82,4.9,2018,13.0827,80.2707
PROP-0143,Bengaluru,South,Plot,3,952,24502535,44288,2.17,71,45,4.04,7.75,6.21,2022,12.9716,77.5946
PROP-0144,Hyderabad,South,Plot,3,2273,7272560,80260,13.24,63,96,11.84,8.64,5.48,2024,17.385,78.4867
PROP-0145,Chennai,West,Apartment,4,1234,15092596,106888,8.5,83,58,3.81,9.0,7.53,2023,13.0827,80.2707
PROP-0146,Pune,Central,Plot,1,3909,15818971,58192,4.41,83,42,8.63,6.15,7.92,2023,18.5204,73.8567
PROP-0147,Bengaluru,West,Plot,3,520,4400107,78011,21.28,96,79,11.93,6.56,7.77,2021,12.9716,77.5946
PROP-0148,Chennai,West,Commercial,5,700,3119817,54262,20.87,83,77,2.98,8.75,7.91,2025,13.0827,80.2707
PROP-0149,Hyderabad,West,Commercial,3,3250,12566577,88893,8.49,89,94,8.05,6.44,6.96,2024,17.385,78.4867
PROP-0150,Chennai,West,Plot,5,2072,13516505,65463,5.81,64,78,3.32,7.75,5.99,2023,13.0827,80.2707
PROP-0151,Delhi,West,Commercial,4,2981,18946534,20471,1.3,72,68,6.85,8.26,6.21,2020,28.6139,77.209
PROP-0152,Pune,West,Villa,5,2282,4216193,36022,10.25,68,75,8.4,6.9,7.32,2023,18.5204,73.8567
PROP-0153,Bengaluru,East,Apartment,3,1448,3769470,111449,35.48,88,83,8.56,6.92,7.29,2021,12.9716,77.5946
PROP-0154,Chennai,East,Apartment,3,1023,7880871,43645,6.65,96,60,7.49,7.5,6.18,2024,13.0827,80.2707
PROP-0155,Chennai,West,Plot,3,3704,3607193,69092,22.98,64,42,4.26,8.16,4.85,2021,13.0827,80.2707
PROP-0156,Pune,North,Apartment,1,2711,21642421,81603,4.52,80,81,7.65,8.8,7.82,2024,18.5204,73.8567
PROP-0157,Pune,South,Commercial,3,1771,6759959,116083,20.61,94,46,2.41,7.67,5.55,2019,18.5204,73.8567
PROP-0158,Delhi,Central,Apartment,3,1155,12799445,64637,6.06,91,97,5.93,6.96,6.25,2020,28.6139,77.209
PROP-0159,Mumbai,North,Apartment,5,1593,16998549,99470,7.02,80,42,6.12,7.17,4.35,2021,19.076,72.8777
PROP-0160,Bengaluru,East,Plot,2,2846,24718907,42268,2.05,98,98,10.63,7.03,5.06,2024,12.9716,77.5946
PROP-0161,Hyderabad,North,Commercial,3,2761,10018241,88818,10.64,95,100,5.19,7.64,4.48,2020,17.385,78.4867
PROP-0162,Chennai,East,Plot,5,3382,16794406,95536,6.83,68,82,7.07,7.49,5.46,2019,13.0827,80.2707
PROP-0163,Hyderabad,East,Plot,1,3756,24960456,114123,5.49,74,86,4.96,6.29,5.03,2019,17.385,78.4867
PROP-0164,Mumbai,South,Commercial,2,3390,12499223,82682,7.94,96,46,4.69,7.19,6.49,2018,19.076,72.8777
PROP-0165,Mumbai,South,Villa,5,1848,19416969,41949,2.59,62,57,2.5,8.12,5.18,2021,19.076,72.8777
PROP-0166,Mumbai,North,Apartment,2,1854,18069970,55680,3.7,97,60,10.52,8.96,4.05,2025,19.076,72.8777
PROP-0167,Hyderabad,South,Apartment,4,1369,17745069,111366,7.53,99,95,10.7,6.25,6.15,2020,17.385,78.4867
PROP-0168,Mumbai,West,Commercial,3,3760,19164911,28579,1.79,65,43,8.2,7.92,5.16,2021,19.076,72.8777
PROP-0169,Hyderabad,South,Apartment,5,2312,13930996,52358,4.51,67,73,2.42,7.16,7.04,2022,17.385,78.4867
PROP-0170,Mumbai,East,Apartment,5,3313,9683963,112465,13.94,93,80,5.35,8.74,7.4,2018,19.076,72.8777
PROP-0171,Mumbai,North,Villa,3,3202,3218191,78290,29.19,92,75,9.18,8.5,7.29,2025,19.076,72.8777
PROP-0172,Chennai,Central,Plot,4,1934,17189617,40003,2.79,94,92,10.61,8.45,7.05,2020,13.0827,80.2707
PROP-0173,Mumbai,East,Commercial,2,3829,12719077,64040,6.04,70,68,5.62,7.92,5.01,2021,19.076,72.8777
PROP-0174,Bengaluru,East,Villa,4,975,9171060,96270,12.6,74,58,10.94,7.12,6.35,2018,12.9716,77.5946
PROP-0175,Bengaluru,West,Commercial,5,997,3545219,70705,23.93,96,69,4.2,8.16,4.13,2024,12.9716,77.5946
PROP-0176,Chennai,South,Apartment,5,686,19046123,49923,3.15,89,67,3.1,6.87,6.92,2018,13.0827,80.2707
PROP-0177,Hyderabad,West,Villa,5,3217,6449588,96357,17.93,90,88,3.3,6.75,7.37,2019,17.385,78.4867
PROP-0178,Mumbai,West,Villa,1,2457,5895622,38124,7.76,65,49,6.33,7.32,6.98,2023,19.076,72.8777
PROP-0179,Mumbai,West,Apartment,1,2830,14520617,87980,7.27,67,86,9.42,7.6,8.0,2025,19.076,72.8777
PROP-0180,Hyderabad,Central,Apartment,2,581,22556591,102986,5.48,81,85,9.43,7.01,5.32,2018,17.385,78.4867
PROP-0181,Hyderabad,East,Apartment,2,3911,13884988,79232,6.85,65,51,7.13,8.19,7.12,2024,17.385,78.4867
PROP-0182,Delhi,South,Apartment,4,1876,8916668,100113,13.47,98,65,4.44,7.47,6.6,2022,28.6139,77.209
PROP-0183,Bengaluru,East,Villa,2,3231,13052853,64657,5.94,79,79,3.97,6.81,7.49,2025,12.9716,77.5946
PROP-0184,Delhi,East,Villa,4,1657,17204449,11456,0.8,92,74,5.35,8.15,7.54,2025,28.6139,77.209
PROP-0185,Mumbai,West,Apartment,3,1692,11864165,79948,8.09,62,54,10.13,7.76,5.34,2020,19.076,72.8777
PROP-0186,Hyderabad,North,Villa,1,2555,17939029,58879,3.94,88,63,8.54,6.71,5.48,2022,17.385,78.4867
PROP-0187,Mumbai,East,Villa,5,2190,19414443,13258,0.82,76,79,5.84,8.72,6.73,2021,19.076,72.8777
PROP-0188,Hyderabad,East,Plot,4,1068,4704449,39826,10.16,77,89,9.7,6.77,6.34,2024,17.385,78.4867
PROP-0189,Mumbai,South,Apartment,3,877,5516730,84181,18.31,84,84,9.51,6.47,4.31,2024,19.076,72.8777
PROP-0190,Delhi,South,Plot,4,544,22334536,27728,1.49,96,46,7.74,8.38,6.08,2020,28.6139,77.209
PROP-0191,Mumbai,South,Apartment,4,812,19357391,87331,5.41,75,81,11.48,6.36,6.71,2025,19.076,72.8777
PROP-0192,Chennai,South,Plot,5,1612,23540342,28338,1.44,64,48,6.38,8.72,7.94,2018,13.0827,80.2707
PROP-0193,Hyderabad,West,Villa,4,2525,6229342,66575,12.82,96,56,9.03,6.5,4.98,2025,17.385,78.4867
PROP-0194,Hyderabad,East,Apartment,5,1361,16785910,31912,2.28,82,56,11.65,8.48,4.73,2025,17.385,78.4867
PROP-0195,Delhi,West,Villa,1,3433,17565493,107944,7.37,72,49,3.77,8.79,7.98,2021,28.6139,77.209
PROP-0196,Chennai,North,Villa,2,3823,10974323,69134,7.56,77,48,11.19,6.02,7.14,2023,13.0827,80.2707
PROP-0197,Hyderabad,Central,Plot,4,2145,7975939,82194,12.37,75,60,2.14,8.23,7.82,2021,17.385,78.4867
PROP-0198,Bengaluru,Central,Commercial,1,1831,11405387,117048,12.32,95,78,7.56,7.22,4.52,2020,12.9716,77.5946
PROP-0199,Chennai,Central,Villa,2,1646,17108991,87119,6.11,64,97,8.49,8.05,7.78,2021,13.0827,80.2707
PROP-0200,Pune,West,Plot,4,1621,9398948,108682,13.88,61,94,3.45,8.82,4.18,2022,18.5204,73.8567
PROP-0201,Bengaluru,North,Villa,3,3463,5035478,40655,9.69,67,48,3.41,8.01,4.08,2025,12.9716,77.5946
PROP-0202,Hyderabad,East,Villa,2,892,16578558,10384,0.75,94,79,2.77,8.87,5.02,2024,17.385,78.4867
PROP-0203,Pune,West,Villa,4,674,5834648,17368,3.57,95,59,4.23,6.37,5.62,2018,18.5204,73.8567
PROP-0204,Pune,South,Commercial,4,1083,13101372,21677,1.99,65,73,11.58,6.16,7.05,2025,18.5204,73.8567
PROP-0205,Hyderabad,Central,Commercial,4,2474,6799258,13538,2.39,98,63,11.54,7.14,5.91,2024,17.385,78.4867
PROP-0206,Bengaluru,West,Commercial,4,1770,9556610,12381,1.55,73,95,2.1,6.35,6.33,2025,12.9716,77.5946
PROP-0207,Pune,Central,Villa,3,3030,11729759,40318,4.12,87,57,10.15,7.2,4.61,2022,18.5204,73.8567
PROP-0208,Hyderabad,North,Villa,4,3131,11432904,101287,10.63,86,79,7.29,7.99,5.79,2020,17.385,78.4867
PROP-0209,Hyderabad,East,Villa,2,3924,23411219,29592,1.52,89,65,4.39,6.8,7.68,2018,17.385,78.4867
PROP-0210,Pune,South,Apartment,2,1064,3905927,26993,8.29,61,74,2.7,6.16,7.81,2019,18.5204,73.8567
PROP-0211,Chennai,South,Commercial,3,1384,11213497,41034,4.39,87,40,6.24,8.89,4.93,2020,13.0827,80.2707
PROP-0212,Delhi,East,Apartment,1,1141,3392013,28402,10.05,96,87,10.37,7.17,6.9,2023,28.6139,77.209
PROP-0213,Hyderabad,South,Villa,3,3165,3869042,88268,27.38,66,58,11.06,8.31,4.98,2020,17.385,78.4867
PROP-0214,Delhi,East,Apartment,1,535,9027825,90727,12.06,84,56,5.49,8.75,4.4,2018,28.6139,77.209
PROP-0215,Mumbai,West,Commercial,5,2718,5787820,117226,24.3,61,91,8.59,7.59,5.03,2024,19.076,72.8777
PROP-0216,Bengaluru,West,Villa,1,3632,17097448,89479,6.28,73,83,10.13,7.58,6.21,2020,12.9716,77.5946
PROP-0217,Chennai,North,Commercial,3,2413,15178225,117128,9.26,79,73,10.55,6.38,5.43,2024,13.0827,80.2707
PROP-0218,Mumbai,South,Apartment,2,574,21360024,46519,2.61,80,71,9.1,7.4,5.65,2023,19.076,72.8777
PROP-0219,Delhi,West,Plot,4,3807,8948580,69315,9.3,62,99,2.07,8.18,6.3,2021,28.6139,77.209
PROP-0220,Pune,South,Villa,1,3542,16947290,103857,7.35,96,60,6.66,6.24,6.23,2022,18.5204,73.8567
PROP-0221,Delhi,East,Villa,4,1379,17987081,84169,5.62,72,84,10.64,6.78,6.06,2025,28.6139,77.209
PROP-0222,Hyderabad,North,Villa,1,2173,18841292,27529,1.75,76,85,3.14,7.18,5.75,2024,17.385,78.4867
PROP-0223,Chennai,North,Commercial,2,2592,12424691,71881,6.94,97,93,4.78,8.59,7.05,2019,13.0827,80.2707
PROP-0224,Chennai,East,Commercial,1,2024,9140972,33197,4.36,70,64,5.63,6.68,7.92,2020,13.0827,80.2707
PROP-0225,Delhi,North,Commercial,5,1052,3411189,20212,7.11,73,70,9.54,6.72,5.75,2018,28.6139,77.209
PROP-0226,Pune,North,Plot,1,701,13704764,30400,2.66,85,62,5.29,6.08,5.15,2025,18.5204,73.8567
PROP-0227,Mumbai,East,Apartment,2,2478,6341367,92463,17.5,86,63,2.91,8.35,5.66,2022,19.076,72.8777
PROP-0228,Pune,East,Villa,4,1641,13974783,36206,3.11,90,44,6.98,7.08,6.24,2019,18.5204,73.8567
PROP-0229,Hyderabad,North,Villa,4,852,12899017,92840,8.64,86,82,3.95,7.09,5.26,2022,17.385,78.4867
PROP-0230,Hyderabad,West,Apartment,3,2604,9101650,115949,15.29,74,100,6.67,6.14,6.23,2020,17.385,78.4867
PROP-0231,Pune,North,Apartment,3,3760,22502403,106386,5.67,60,55,11.24,8.98,4.62,2022,18.5204,73.8567
PROP-0232,Mumbai,West,Plot,1,3282,17948614,53214,3.56,92,93,11.36,6.41,5.26,2023,19.076,72.8777
PROP-0233,Hyderabad,South,Apartment,4,601,3686454,99895,32.52,95,60,9.22,8.87,7.21,2019,17.385,78.4867
PROP-0234,Mumbai,North,Villa,5,1105,6025184,87661,17.46,91,86,8.47,7.18,5.33,2019,19.076,72.8777
PROP-0235,Delhi,North,Plot,1,3820,21394010,106394,5.97,77,45,6.57,8.02,6.62,2021,28.6139,77.209
PROP-0236,Hyderabad,North,Villa,5,1347,16658350,65655,4.73,100,40,9.39,8.25,6.23,2019,17.385,78.4867
PROP-0237,Delhi,Central,Apartment,2,3133,14314767,69527,5.83,96,58,5.38,6.62,5.75,2023,28.6139,77.209
PROP-0238,Bengaluru,Central,Villa,2,1713,19969295,65478,3.93,64,46,7.53,7.27,6.36,2023,12.9716,77.5946
PROP-0239,Bengaluru,South,Plot,1,2923,12880251,32750,3.05,81,59,11.11,8.2,6.14,2025,12.9716,77.5946
PROP-0240,Chennai,West,Commercial,4,1014,17025737,91735,6.47,97,53,9.52,8.07,5.94,2023,13.0827,80.2707
PROP-0241,Hyderabad,North,Commercial,5,624,16871376,42467,3.02,92,95,2.12,7.33,5.36,2021,17.385,78.4867
PROP-0242,Delhi,East,Plot,2,1764,22294286,45783,2.46,89,88,8.93,6.76,6.42,2021,28.6139,77.209
PROP-0243,Hyderabad,East,Plot,2,3595,3837230,64314,20.11,65,87,11.34,8.53,5.22,2018,17.385,78.4867
PROP-0244,Mumbai,West,Commercial,5,3879,5316586,37144,8.38,93,77,3.22,8.48,5.44,2022,19.076,72.8777
PROP-0245,Delhi,North,Commercial,2,1881,4902241,20497,5.02,78,54,8.72,8.35,5.21,2021,28.6139,77.209
PROP-0246,Hyderabad,Central,Villa,1,1176,8158197,102843,15.13,90,89,10.52,6.4,5.36,2024,17.385,78.4867
PROP-0247,Delhi,North,Villa,3,2764,15987154,73333,5.5,88,67,9.07,8.92,6.54,2020,28.6139,77.209
PROP-0248,Mumbai,Central,Villa,3,3796,21806669,10448,0.57,73,56,5.75,6.81,7.93,2022,19.076,72.8777
PROP-0249,Mumbai,South,Villa,3,3658,14117820,92510,7.86,90,64,6.03,7.1,4.16,2023,19.076,72.8777
PROP-0250,Hyderabad,Central,Plot,3,723,17708069,43260,2.93,85,64,6.23,7.33,5.71,2021,17.385,78.4867
PROP-0251,Hyderabad,Central,Apartment,2,3594,10449124,119965,13.78,66,68,2.11,6.12,4.37,2018,17.385,78.4867
PROP-0252,Mumbai,North,Commercial,4,3873,4053595,113453,33.59,72,97,4.4,8.99,5.25,2025,19.076,72.8777
PROP-0253,Chennai,Central,Villa,4,2217,21276642,72461,4.09,99,52,6.72,8.39,7.1,2024,13.0827,80.2707
PROP-0254,Delhi,North,Plot,2,2950,18516801,83958,5.44,64,48,4.43,7.35,7.17,2018,28.6139,77.209
PROP-0255,Hyderabad,Central,Villa,4,773,9951942,54897,6.62,77,47,9.23,7.54,6.59,2019,17.385,78.4867
PROP-0256,Mumbai,South,Commercial,2,2891,16929242,95306,6.76,95,50,2.06,7.46,4.94,2023,19.076,72.8777
PROP-0257,Chennai,West,Apartment,4,2615,16928748,81504,5.78,89,86,5.98,8.07,6.16,2020,13.0827,80.2707
PROP-0258,Delhi,West,Plot,3,1311,15440843,106430,8.27,72,91,8.93,7.13,7.06,2024,28.6139,77.209
PROP-0259,Hyderabad,Central,Plot,4,852,7336510,17049,2.79,86,100,5.4,8.85,7.67,2025,17.385,78.4867
PROP-0260,Chennai,Central,Apartment,3,1756,14150677,70316,5.96,84,93,11.31,7.07,5.3,2024,13.0827,80.2707
PROP-0261,Hyderabad,East,Apartment,4,994,13230134,15685,1.42,88,68,7.2,7.25,7.02,2021,17.385,78.4867
PROP-0262,Delhi,East,Commercial,1,3900,8623340,21647,3.01,100,62,3.74,6.06,5.63,2020,28.6139,77.209
PROP-0263,Delhi,North,Apartment,3,1527,23118528,104695,5.43,89,96,8.06,8.91,5.15,2020,28.6139,77.209
PROP-0264,Delhi,North,Villa,4,2630,11982393,33291,3.33,65,50,3.4,8.37,6.02,2023,28.6139,77.209
PROP-0265,Hyderabad,Central,Apartment,3,700,21476225,96850,5.41,80,65,4.78,6.68,6.24,2024,17.385,78.4867
PROP-0266,Bengaluru,South,Apartment,1,3623,10028650,59598,7.13,75,83,6.19,6.7,7.66,2020,12.9716,77.5946
PROP-0267,Mumbai,West,Commercial,2,1729,10019971,44663,5.35,84,60,9.2,7.72,4.5,2019,19.076,72.8777
PROP-0268,Bengaluru,North,Plot,3,3708,3163565,38867,14.74,65,66,6.61,8.53,4.81,2020,12.9716,77.5946
PROP-0269,Bengaluru,Central,Commercial,2,2431,8762236,14387,1.97,91,78,2.79,6.68,4.63,2019,12.9716,77.5946
PROP-0270,Chennai,West,Plot,3,1550,15677177,42125,3.22,94,60,3.31,7.45,5.46,2019,13.0827,80.2707
PROP-0271,Pune,Central,Commercial,1,3310,13139975,90623,8.28,88,61,4.8,6.51,4.81,2023,18.5204,73.8567
PROP-0272,Mumbai,North,Commercial,4,1397,18617680,102093,6.58,65,46,5.94,7.2,5.22,2022,19.076,72.8777
PROP-0273,Mumbai,West,Commercial,1,2172,22163598,33264,1.8,64,57,4.9,8.42,5.93,2018,19.076,72.8777
PROP-0274,Delhi,West,Plot,5,889,13853893,111690,9.67,79,52,11.25,6.51,6.55,2025,28.6139,77.209
PROP-0275,Chennai,South,Villa,1,2693,19508915,86531,5.32,86,75,9.99,7.53,6.36,2024,13.0827,80.2707
PROP-0276,Delhi,South,Plot,4,3663,9132194,101524,13.34,79,92,10.5,8.84,7.64,2025,28.6139,77.209
PROP-0277,Pune,West,Plot,4,806,21909324,62928,3.45,80,46,11.96,6.67,4.73,2018,18.5204,73.8567
PROP-0278,Hyderabad,North,Plot,3,1415,24907003,89375,4.31,61,48,10.59,6.94,5.09,2022,17.385,78.4867
PROP-0279,Mumbai,West,Apartment,1,2447,19805647,88167,5.34,76,55,11.44,7.84,6.71,2020,19.076,72.8777
PROP-0280,Bengaluru,West,Villa,1,2568,7630654,51081,8.03,64,73,2.55,8.12,7.68,2019,12.9716,77.5946
PROP-0281,Bengaluru,Central,Plot,2,813,14827197,71716,5.8,70,75,2.68,7.87,6.24,2019,12.9716,77.5946
PROP-0282,Pune,East,Villa,2,2457,14611749,103924,8.53,91,43,4.48,6.29,7.09,2021,18.5204,73.8567
PROP-0283,Delhi,Central,Villa,5,649,23902932,87354,4.39,92,87,6.55,8.62,7.15,2021,28.6139,77.209
PROP-0284,Bengaluru,Central,Apartment,1,1689,7500216,55110,8.82,60,56,7.69,6.49,6.57,2021,12.9716,77.5946
PROP-0285,Bengaluru,South,Villa,4,2982,14238343,11060,0.93,61,58,5.12,7.79,6.29,2022,12.9716,77.5946
PROP-0286,Chennai,North,Villa,5,1622,12559538,107090,10.23,70,84,6.39,8.22,5.95,2019,13.0827,80.2707
PROP-0287,Chennai,South,Commercial,4,1583,20221584,93737,5.56,98,52,5.57,7.84,5.51,2021,13.0827,80.2707
PROP-0288,Bengaluru,West,Plot,1,3547,20246861,50677,3.0,65,58,4.23,6.36,5.1,2022,12.9716,77.5946
PROP-0289,Delhi,North,Plot,1,2329,19904687,30921,1.86,72,76,3.07,8.83,6.87,2021,28.6139,77.209
PROP-0290,Chennai,South,Villa,3,2576,22949530,17992,0.94,88,80,9.15,6.86,5.16,2023,13.0827,80.2707
PROP-0291,Chennai,South,Plot,4,3515,14588688,117401,9.66,78,69,6.48,6.83,5.81,2024,13.0827,80.2707
PROP-0292,Hyderabad,West,Commercial,5,2360,18899279,69475,4.41,98,63,7.67,6.21,4.9,2020,17.385,78.4867
PROP-0293,Mumbai,West,Plot,5,2145,17137858,97999,6.86,86,69,9.89,8.43,5.48,2019,19.076,72.8777
PROP-0294,Pune,North,Villa,1,1328,11779982,21990,2.24,96,100,9.24,7.56,7.02,2019,18.5204,73.8567
PROP-0295,Chennai,Central,Plot,1,2396,8636750,87732,12.19,65,74,6.89,7.83,5.84,2018,13.0827,80.2707
PROP-0296,Bengaluru,West,Plot,3,914,13003734,102043,9.42,71,82,11.7,7.65,5.37,2022,12.9716,77.5946
PROP-0297,Chennai,South,Apartment,4,2757,14452938,106110,8.81,100,89,6.94,7.61,4.73,2021,13.0827,80.2707
PROP-0298,Mumbai,West,Apartment,3,3743,10832442,114856,12.72,95,79,6.79,7.19,5.83,2022,19.076,72.8777
PROP-0299,Hyderabad,East,Plot,4,724,15705281,79821,6.1,97,76,9.02,8.39,4.82,2021,17.385,78.4867
PROP-0300,Hyderabad,East,Commercial,1,2497,24710693,80124,3.89,96,44,9.19,6.33,5.33,2018,17.385,78.4867
PROP-0301,Mumbai,North,Commercial,5,1046,15544215,30973,2.39,99,73,4.65,7.76,4.78,2024,19.076,72.8777
PROP-0302,Mumbai,East,Plot,3,1993,4990184,37131,8.93,96,81,2.62,7.31,5.14,2018,19.076,72.8777
PROP-0303,Chennai,East,Commercial,2,1538,16188668,59443,4.41,66,100,6.98,7.86,6.51,2024,13.0827,80.2707
PROP-0304,Mumbai,North,Plot,4,1417,10029311,42989,5.14,69,65,3.73,8.99,5.25,2025,19.076,72.8777
PROP-0305,Pune,Central,Apartment,4,2362,6737347,88085,15.69,98,73,8.95,8.27,6.84,2024,18.5204,73.8567
PROP-0306,Chennai,South,Apartment,2,2431,3583595,52784,17.68,80,72,2.49,8.67,5.87,2019,13.0827,80.2707
PROP-0307,Bengaluru,South,Plot,3,3935,22267622,62921,3.39,73,74,10.73,7.3,7.51,2021,12.9716,77.5946
PROP-0308,Pune,West,Villa,4,2990,13830157,117195,10.17,72,42,4.47,7.47,7.62,2020,18.5204,73.8567
PROP-0309,Delhi,North,Apartment,4,3661,15683054,61519,4.71,61,78,3.49,7.92,7.4,2021,28.6139,77.209
PROP-0310,Pune,Central,Villa,4,3498,12345872,84920,8.25,98,82,2.32,6.54,7.0,2024,18.5204,73.8567
PROP-0311,Bengaluru,North,Plot,2,3438,6705499,30092,5.39,91,46,3.92,7.53,5.39,2024,12.9716,77.5946
PROP-0312,Delhi,North,Plot,4,2126,12282159,91155,8.91,90,100,2.05,7.77,4.47,2020,28.6139,77.209
PROP-0313,Pune,Central,Apartment,2,2111,10576220,83846,9.51,78,80,11.94,6.8,7.8,2023,18.5204,73.8567
PROP-0314,Mumbai,Central,Villa,5,1328,12859964,76786,7.17,73,58,2.46,7.16,4.86,2024,19.076,72.8777
PROP-0315,Delhi,East,Plot,4,3552,16796424,67947,4.85,100,56,10.91,7.5,6.83,2023,28.6139,77.209
PROP-0316,Pune,West,Apartment,3,1767,17248267,50185,3.49,87,41,9.61,8.59,5.01,2018,18.5204,73.8567
PROP-0317,Bengaluru,West,Apartment,2,3266,24154263,83170,4.13,77,46,9.72,8.05,4.23,2020,12.9716,77.5946
PROP-0318,Chennai,North,Commercial,1,3059,7436692,78280,12.63,74,43,4.72,6.93,5.14,2021,13.0827,80.2707
PROP-0319,Delhi,Central,Plot,4,2827,11961813,41341,4.15,85,56,6.38,8.11,5.7,2025,28.6139,77.209
PROP-0320,Delhi,North,Plot,2,1958,9072488,16904,2.24,90,85,10.95,7.68,4.57,2023,28.6139,77.209
PROP-0321,Delhi,South,Plot,4,1130,8535767,105664,14.85,98,60,11.31,6.92,6.43,2019,28.6139,77.209
PROP-0322,Delhi,West,Villa,1,2628,23780319,42500,2.14,85,82,8.6,6.62,5.61,2022,28.6139,77.209
PROP-0323,Chennai,West,Apartment,4,2063,7032077,98513,16.81,93,99,2.1,7.76,5.2,2023,13.0827,80.2707
PROP-0324,Delhi,East,Apartment,5,2167,15635423,25576,1.96,68,46,9.88,6.68,5.39,2019,28.6139,77.209
PROP-0325,Pune,West,Plot,5,3698,8191599,76314,11.18,66,92,11.87,6.02,6.2,2024,18.5204,73.8567
PROP-0326,Mumbai,Central,Commercial,1,2367,18105232,107074,7.1,83,98,7.66,8.13,6.19,2025,19.076,72.8777
PROP-0327,Mumbai,West,Villa,1,1046,22343970,59941,3.22,86,71,9.44,6.01,7.03,2023,19.076,72.8777
PROP-0328,Pune,West,Apartment,2,2672,3051586,90655,35.65,67,93,2.42,7.48,5.05,2021,18.5204,73.8567
PROP-0329,Bengaluru,North,Plot,3,2787,13420114,37510,3.35,97,80,8.87,8.3,7.77,2024,12.9716,77.5946
PROP-0330,Bengaluru,South,Apartment,5,1228,6812156,51933,9.15,83,41,3.83,8.65,5.99,2021,12.9716,77.5946
PROP-0331,Pune,Central,Commercial,1,3059,8391008,105069,15.03,89,72,4.37,6.41,5.27,2018,18.5204,73.8567
PROP-0332,Delhi,Central,Commercial,2,3070,13404335,75358,6.75,97,58,4.49,6.96,6.21,2018,28.6139,77.209
PROP-0333,Bengaluru,East,Plot,2,1128,12345332,104676,10.17,85,82,8.39,7.21,5.72,2020,12.9716,77.5946
PROP-0334,Chennai,North,Plot,3,2960,15038289,39316,3.14,80,43,11.69,7.89,7.16,2021,13.0827,80.2707
PROP-0335,Chennai,East,Plot,3,1465,24884316,41693,2.01,68,73,11.12,6.66,4.19,2024,13.0827,80.2707
PROP-0336,Pune,North,Villa,2,643,22100683,115520,6.27,74,54,10.54,6.87,6.29,2022,18.5204,73.8567
PROP-0337,Mumbai,South,Plot,2,2475,7016031,105283,18.01,64,79,7.9,8.35,5.47,2019,19.076,72.8777
PROP-0338,Chennai,Central,Villa,1,1771,3862778,65380,20.31,75,42,11.15,8.78,7.8,2019,13.0827,80.2707
PROP-0339,Delhi,West,Villa,4,1807,11516566,28724,2.99,72,84,4.29,6.9,6.34,2019,28.6139,77.209
PROP-0340,Hyderabad,South,Plot,3,2212,5255093,58561,13.37,97,40,10.08,6.39,5.24,2023,17.385,78.4867
PROP-0341,Bengaluru,South,Plot,3,3707,4883442,35017,8.6,64,40,4.85,6.64,4.84,2022,12.9716,77.5946
PROP-0342,Chennai,Central,Plot,3,2532,8101265,51977,7.7,80,72,9.77,6.72,6.29,2020,13.0827,80.2707
PROP-0343,Hyderabad,South,Apartment,1,3157,9866861,85901,10.45,70,62,11.99,8.87,4.04,2023,17.385,78.4867
PROP-0344,Mumbai,North,Plot,5,3352,7103609,21572,3.64,85,76,9.06,8.83,7.7,2018,19.076,72.8777
PROP-0345,Hyderabad,Central,Plot,2,3258,4273818,92039,25.84,99,71,10.63,6.53,5.67,2024,17.385,78.4867
PROP-0346,Pune,North,Villa,5,2047,23128395,34941,1.81,78,93,4.74,7.84,5.07,2020,18.5204,73.8567
PROP-0347,Hyderabad,North,Plot,3,1614,11478968,102923,10.76,88,87,3.56,7.11,5.09,2021,17.385,78.4867
PROP-0348,Mumbai,West,Commercial,2,742,4890279,23055,5.66,93,64,4.51,7.61,5.45,2020,19.076,72.8777
PROP-0349,Hyderabad,East,Villa,1,1280,8499343,85891,12.13,67,66,3.93,8.13,4.29,2021,17.385,78.4867
PROP-0350,Bengaluru,West,Apartment,4,2153,6257680,119434,22.9,75,57,5.64,7.63,5.5,2023,12.9716,77.5946
PROP-0351,Hyderabad,North,Apartment,5,2258,13210970,84713,7.69,76,49,2.28,6.64,7.17,2021,17.385,78.4867
PROP-0352,Chennai,North,Plot,3,1401,6104713,105099,20.66,81,66,9.19,7.06,5.43,2021,13.0827,80.2707
PROP-0353,Delhi,East,Commercial,1,3439,17334116,93937,6.5,65,88,4.23,8.04,5.75,2018,28.6139,77.209
PROP-0354,Mumbai,North,Apartment,1,3248,6022065,81557,16.25,99,44,2.69,6.93,4.21,2024,19.076,72.8777
PROP-0355,Delhi,East,Villa,1,552,17223901,118143,8.23,64,60,4.01,8.05,6.35,2024,28.6139,77.209
PROP-0356,Chennai,North,Villa,1,1187,20112600,16709,1.0,89,96,10.79,8.91,4.24,2019,13.0827,80.2707
PROP-0357,Chennai,West,Commercial,5,3579,9934890,61137,7.38,81,62,8.88,8.63,6.87,2025,13.0827,80.2707
PROP-0358,Hyderabad,East,Plot,4,1993,11686364,30448,3.13,79,42,3.72,8.22,4.68,2023,17.385,78.4867
PROP-0359,Hyderabad,South,Plot,3,508,23742941,84637,4.28,94,75,5.18,7.14,6.51,2020,17.385,78.4867
PROP-0360,Delhi,East,Apartment,4,1689,22324598,22947,1.23,74,58,8.17,7.3,7.89,2024,28.6139,77.209
PROP-0361,Delhi,South,Plot,5,3309,13884451,76254,6.59,97,44,4.36,8.71,4.5,2024,28.6139,77.209
PROP-0362,Mumbai,Central,Commercial,4,639,21630048,88588,4.91,93,60,11.36,7.4,6.58,2021,19.076,72.8777
PROP-0363,Delhi,East,Villa,2,2313,6576652,28759,5.25,76,59,6.08,7.18,4.72,2024,28.6139,77.209
PROP-0364,Hyderabad,South,Apartment,1,3973,11400189,29353,3.09,85,53,3.59,7.87,4.37,2021,17.385,78.4867
PROP-0365,Bengaluru,South,Commercial,5,3074,5334432,84144,18.93,92,90,9.09,7.11,7.0,2018,12.9716,77.5946
PROP-0366,Bengaluru,North,Apartment,4,1362,16982363,60687,4.29,82,54,9.67,7.51,6.32,2024,12.9716,77.5946
PROP-0367,Chennai,West,Villa,2,3778,8924767,113440,15.25,97,97,8.43,7.24,6.16,2024,13.0827,80.2707
PROP-0368,Bengaluru,North,Plot,3,901,8314184,35420,5.11,60,63,10.59,8.83,4.54,2024,12.9716,77.5946
PROP-0369,Mumbai,Central,Plot,5,3794,22814667,28617,1.51,62,44,8.77,8.79,6.51,2020,19.076,72.8777
PROP-0370,Bengaluru,West,Commercial,1,1379,20365886,90610,5.34,65,50,2.44,6.97,5.04,2023,12.9716,77.5946
PROP-0371,Delhi,South,Villa,3,1073,6460255,118728,22.05,75,48,9.1,8.62,7.67,2021,28.6139,77.209
PROP-0372,Hyderabad,North,Commercial,4,1049,4404408,68631,18.7,88,58,11.32,7.86,6.0,2021,17.385,78.4867
PROP-0373,Bengaluru,Central,Plot,5,3868,24739496,10869,0.53,75,57,8.9,6.17,5.65,2025,12.9716,77.5946
PROP-0374,Chennai,Central,Plot,2,2859,7509993,64550,10.31,90,98,4.46,6.73,4.74,2018,13.0827,80.2707
PROP-0375,Mumbai,North,Commercial,5,3515,6354070,20988,3.96,68,47,9.53,8.95,4.11,2025,19.076,72.8777
PROP-0376,Mumbai,East,Villa,3,3216,12782871,78688,7.39,83,100,4.66,8.4,6.48,2021,19.076,72.8777
PROP-0377,Pune,North,Villa,3,952,13327196,70779,6.37,98,62,4.39,8.22,5.77,2024,18.5204,73.8567
PROP-0378,Mumbai,South,Villa,4,3889,23820756,29012,1.46,87,78,8.16,7.28,6.56,2025,19.076,72.8777
PROP-0379,Hyderabad,East,Apartment,2,3206,13728989,67336,5.89,62,79,7.16,8.37,6.57,2022,17.385,78.4867
PROP-0380,Delhi,East,Villa,4,3000,6806144,100234,17.67,79,56,11.31,6.77,4.55,2018,28.6139,77.209
PROP-0381,Delhi,East,Plot,5,2029,7548317,118653,18.86,96,90,11.91,8.63,7.34,2025,28.6139,77.209
PROP-0382,Bengaluru,South,Commercial,5,3779,3675378,50685,16.55,87,72,2.51,6.93,4.58,2022,12.9716,77.5946
PROP-0383,Hyderabad,West,Plot,3,2303,20207725,49844,2.96,82,96,3.38,7.04,4.01,2024,17.385,78.4867
PROP-0384,Hyderabad,West,Villa,4,2951,24334692,18390,0.91,97,93,10.36,7.57,7.15,2018,17.385,78.4867
PROP-0385,Delhi,Central,Commercial,3,2078,7959135,75524,11.39,90,90,4.0,8.27,5.38,2024,28.6139,77.209
PROP-0386,Bengaluru,East,Plot,5,1353,5836890,73000,15.01,61,97,3.55,8.14,7.99,2021,12.9716,77.5946
PROP-0387,Bengaluru,North,Villa,2,2093,7450562,86723,13.97,92,71,9.02,8.48,5.27,2020,12.9716,77.5946
PROP-0388,Hyderabad,North,Villa,1,2350,14573799,119691,9.86,81,97,9.39,6.55,6.88,2020,17.385,78.4867
PROP-0389,Chennai,South,Villa,5,536,14184725,94719,8.01,61,52,3.9,6.35,4.03,2020,13.0827,80.2707
PROP-0390,Bengaluru,North,Plot,5,3982,3132530,27392,10.49,84,41,7.27,7.0,6.04,2022,12.9716,77.5946
PROP-0391,Hyderabad,North,Apartment,3,3104,20564782,86546,5.05,74,87,7.92,8.04,4.93,2020,17.385,78.4867
PROP-0392,Mumbai,North,Villa,3,555,4331957,95556,26.47,78,57,6.28,7.91,4.43,2020,19.076,72.8777
PROP-0393,Hyderabad,West,Villa,4,689,24511832,24580,1.2,93,89,11.03,6.34,5.16,2023,17.385,78.4867
PROP-0394,Hyderabad,East,Apartment,3,882,8226802,64866,9.46,88,62,7.17,7.63,7.28,2021,17.385,78.4867
PROP-0395,Hyderabad,North,Villa,2,3014,17777785,43330,2.92,73,45,6.53,7.89,5.89,2020,17.385,78.4867
PROP-0396,Chennai,North,Apartment,2,2109,4861480,87159,21.51,98,99,3.18,8.51,5.79,2018,13.0827,80.2707
PROP-0397,Bengaluru,Central,Commercial,1,2747,5165348,12198,2.83,67,46,6.91,8.08,5.93,2024,12.9716,77.5946
PROP-0398,Bengaluru,South,Apartment,4,2518,9977907,118978,14.31,100,94,11.48,8.18,5.39,2021,12.9716,77.5946
PROP-0399,Pune,West,Villa,2,3545,6408577,49548,9.28,82,57,11.62,6.71,7.25,2022,18.5204,73.8567
PROP-0400,Bengaluru,West,Apartment,4,1172,20417846,74739,4.39,73,40,11.86,7.75,6.88,2021,12.9716,77.5946
PROP-0401,Mumbai,East,Plot,3,694,3765920,35266,11.24,68,71,11.57,6.64,6.2,2023,19.076,72.8777
PROP-0402,Pune,East,Commercial,4,3281,24180539,21456,1.06,60,91,2.64,7.83,5.36,2021,18.5204,73.8567
PROP-0403,Chennai,South,Apartment,1,3174,21105583,95834,5.45,87,61,8.59,7.42,7.52,2019,13.0827,80.2707
PROP-0404,Hyderabad,Central,Plot,5,1075,12966123,43225,4.0,94,65,5.4,6.82,6.5,2023,17.385,78.4867
PROP-0405,Pune,North,Plot,4,1240,19673503,95854,5.85,100,98,8.28,8.67,6.07,2022,18.5204,73.8567
PROP-0406,Bengaluru,South,Villa,3,1232,10874078,89489,9.88,86,95,10.97,8.74,4.65,2018,12.9716,77.5946
PROP-0407,Mumbai,South,Plot,3,2251,16293866,80419,5.92,89,99,6.49,7.02,5.94,2019,19.076,72.8777
PROP-0408,Delhi,West,Plot,1,3000,19560047,11356,0.7,90,72,7.98,8.04,5.98,2021,28.6139,77.209
PROP-0409,Hyderabad,West,Plot,1,4000,12032534,94371,9.41,65,94,6.08,8.66,8.0,2020,17.385,78.4867
PROP-0410,Chennai,North,Villa,3,2003,16885179,87460,6.22,95,97,10.85,7.48,6.08,2022,13.0827,80.2707
PROP-0411,Pune,South,Villa,2,3689,14475692,94938,7.87,81,75,8.42,8.1,5.02,2019,18.5204,73.8567
PROP-0412,Pune,South,Villa,5,2897,16371608,95480,7.0,91,61,9.96,6.58,5.59,2018,18.5204,73.8567
PROP-0413,Mumbai,North,Apartment,2,3448,9938765,118696,14.33,100,91,10.0,8.53,4.79,2018,19.076,72.8777
PROP-0414,Delhi,South,Villa,1,2416,4860992,109790,27.1,81,81,9.27,6.8,6.1,2021,28.6139,77.209
PROP-0415,Hyderabad,North,Villa,3,1616,19721079,17153,1.04,64,78,5.59,6.74,6.6,2024,17.385,78.4867
PROP-0416,Hyderabad,West,Apartment,1,2752,9085031,44667,5.9,94,78,7.57,7.15,6.69,2021,17.385,78.4867
PROP-0417,Bengaluru,North,Commercial,4,2729,12388662,102068,9.89,63,42,8.5,7.64,7.85,2025,12.9716,77.5946
PROP-0418,Mumbai,North,Villa,4,2934,23354704,35882,1.84,86,85,8.81,6.47,5.24,2025,19.076,72.8777
PROP-0419,Chennai,East,Commercial,5,2579,21045948,15813,0.9,95,77,10.86,8.96,6.06,2020,13.0827,80.2707
PROP-0420,Pune,East,Plot,4,3415,7504885,53560,8.56,63,44,8.84,8.59,5.44,2023,18.5204,73.8567
PROP-0421,Mumbai,Central,Commercial,5,2091,3777028,24675,7.84,85,41,3.55,8.93,5.26,2021,19.076,72.8777
PROP-0422,Delhi,South,Commercial,4,1326,16029870,63884,4.78,73,89,4.37,8.88,7.55,2023,28.6139,77.209
PROP-0423,Hyderabad,East,Villa,1,2933,5779133,17410,3.62,99,71,3.37,6.93,7.12,2024,17.385,78.4867
PROP-0424,Hyderabad,West,Apartment,2,3782,20638792,38087,2.21,77,44,7.85,7.45,6.56,2022,17.385,78.4867
PROP-0425,Hyderabad,Central,Commercial,3,3356,10210493,22614,2.66,77,53,7.34,7.09,6.66,2020,17.385,78.4867
PROP-0426,Chennai,West,Villa,1,2729,3524014,58243,19.83,95,64,3.17,7.77,6.9,2023,13.0827,80.2707
PROP-0427,Delhi,Central,Plot,2,2710,3441577,98105,34.21,81,69,4.74,8.15,5.36,2023,28.6139,77.209
PROP-0428,Mumbai,North,Villa,4,567,22374864,26927,1.44,89,84,9.89,7.59,5.26,2025,19.076,72.8777
PROP-0429,Mumbai,East,Plot,2,1033,16068381,72947,5.45,76,83,7.95,8.37,5.05,2018,19.076,72.8777
PROP-0430,Hyderabad,West,Villa,4,1814,17568572,73023,4.99,86,95,6.58,7.7,6.25,2023,17.385,78.4867
PROP-0431,Mumbai,East,Commercial,4,3518,19335542,12598,0.78,63,61,4.45,6.9,7.3,2025,19.076,72.8777
PROP-0432,Mumbai,Central,Commercial,3,3517,9567394,12589,1.58,78,92,8.44,7.35,4.46,2022,19.076,72.8777
PROP-0433,Delhi,East,Apartment,1,2648,7786878,16422,2.53,63,48,5.62,7.8,7.47,2024,28.6139,77.209
PROP-0434,Chennai,East,Villa,4,1915,18552947,42510,2.75,67,67,2.54,7.32,4.05,2020,13.0827,80.2707
PROP-0435,Pune,Central,Apartment,2,2398,24115782,61111,3.04,73,91,6.35,8.74,7.06,2022,18.5204,73.8567
PROP-0436,Pune,West,Apartment,4,3754,5237706,93111,21.33,97,47,4.91,8.85,5.56,2019,18.5204,73.8567
PROP-0437,Delhi,North,Plot,2,2333,18811248,10055,0.64,64,72,5.89,8.21,6.66,2019,28.6139,77.209
PROP-0438,Chennai,West,Plot,5,1911,3310822,78625,28.5,96,99,11.57,7.86,6.05,2024,13.0827,80.2707
PROP-0439,Hyderabad,North,Villa,2,2295,19130201,40080,2.51,77,72,3.79,8.62,4.27,2025,17.385,78.4867
PROP-0440,Mumbai,South,Apartment,3,1580,14090140,99718,8.49,83,52,7.46,7.14,6.07,2023,19.076,72.8777
PROP-0441,Hyderabad,West,Commercial,2,809,18724311,60540,3.88,77,90,5.12,7.56,5.22,2022,17.385,78.4867
PROP-0442,Mumbai,Central,Commercial,2,2633,13734872,76171,6.65,88,96,9.37,7.43,5.36,2024,19.076,72.8777
PROP-0443,Pune,East,Villa,2,984,8470701,39697,5.62,60,76,11.54,8.42,5.25,2023,18.5204,73.8567
PROP-0444,Pune,East,Apartment,3,2550,18828036,57194,3.65,78,85,4.51,6.92,4.54,2025,18.5204,73.8567
PROP-0445,Bengaluru,West,Plot,1,1371,24324342,41867,2.07,76,47,10.47,6.64,6.66,2021,12.9716,77.5946
PROP-0446,Bengaluru,North,Villa,4,2451,8649870,70251,9.75,79,54,6.42,8.32,6.45,2019,12.9716,77.5946
PROP-0447,Chennai,North,Villa,5,1107,14785526,72180,5.86,83,66,9.74,6.57,6.87,2020,13.0827,80.2707
PROP-0448,Mumbai,East,Plot,4,1075,20128783,72959,4.35,96,59,10.89,8.26,7.96,2021,19.076,72.8777
PROP-0449,Pune,South,Apartment,3,2984,17669554,108855,7.39,80,44,2.97,8.88,7.15,2022,18.5204,73.8567
PROP-0450,Hyderabad,East,Villa,3,3064,18342667,88193,5.77,98,91,10.07,6.68,4.5,2021,17.385,78.4867
PROP-0451,Bengaluru,East,Plot,5,3714,13637537,23713,2.09,63,50,2.59,8.55,7.3,2025,12.9716,77.5946
PROP-0452,Delhi,Central,Apartment,2,2587,4180548,66406,19.06,89,54,6.69,6.8,5.6,2023,28.6139,77.209
PROP-0453,Hyderabad,North,Apartment,5,523,9972924,111780,13.45,81,86,4.22,8.49,7.22,2018,17.385,78.4867
PROP-0454,Bengaluru,Central,Plot,3,1711,10388204,32593,3.77,88,76,5.1,8.87,5.84,2019,12.9716,77.5946
PROP-0455,Pune,South,Plot,1,732,23135977,94996,4.93,83,92,8.67,8.9,7.29,2023,18.5204,73.8567
PROP-0456,Delhi,South,Apartment,3,2990,24887376,27207,1.31,95,86,5.31,6.88,6.35,2022,28.6139,77.209
PROP-0457,Pune,East,Plot,4,1442,23741592,117026,5.91,100,42,11.27,8.58,5.05,2024,18.5204,73.8567
PROP-0458,Pune,East,Villa,4,3972,7509130,60353,9.64,72,84,7.71,8.35,7.53,2023,18.5204,73.8567
PROP-0459,Delhi,South,Commercial,3,3740,3758797,20660,6.6,92,99,4.62,6.44,7.79,2020,28.6139,77.209
PROP-0460,Chennai,West,Commercial,1,3917,11614023,68112,7.04,62,71,2.03,8.75,4.42,2023,13.0827,80.2707
PROP-0461,Chennai,Central,Villa,3,1948,4582040,74810,19.59,86,83,6.79,7.34,5.53,2025,13.0827,80.2707
PROP-0462,Hyderabad,South,Apartment,5,1534,3190906,104152,39.17,78,58,7.58,6.65,7.32,2019,17.385,78.4867
PROP-0463,Pune,Central,Apartment,1,2231,4706233,57246,14.6,85,48,5.15,7.77,5.98,2020,18.5204,73.8567
PROP-0464,Mumbai,Central,Commercial,1,3882,14307479,68134,5.71,74,48,4.0,7.5,7.71,2025,19.076,72.8777
PROP-0465,Hyderabad,West,Commercial,5,2970,9506201,95661,12.08,80,69,9.6,8.53,5.94,2018,17.385,78.4867
PROP-0466,Delhi,West,Villa,4,1434,23762116,63584,3.21,62,41,11.67,7.4,5.71,2019,28.6139,77.209
PROP-0467,Bengaluru,West,Apartment,4,3888,14512320,27352,2.26,97,58,6.38,7.51,4.62,2019,12.9716,77.5946
PROP-0468,Chennai,East,Villa,4,2284,5355295,10347,2.32,91,87,4.46,8.61,7.22,2019,13.0827,80.2707
PROP-0469,Pune,West,Plot,2,1815,11624198,36218,3.74,93,71,3.03,6.57,6.2,2021,18.5204,73.8567
PROP-0470,Delhi,East,Commercial,2,1247,23769921,101415,5.12,88,85,5.24,8.89,6.99,2023,28.6139,77.209
PROP-0471,Mumbai,South,Villa,2,877,20547074,23436,1.37,87,40,5.91,7.24,5.79,2019,19.076,72.8777
PROP-0472,Delhi,Central,Commercial,3,737,5379089,73969,16.5,86,40,6.25,7.8,7.9,2020,28.6139,77.209
PROP-0473,Delhi,South,Apartment,4,1447,10994097,54150,5.91,68,59,2.6,8.08,7.73,2025,28.6139,77.209
PROP-0474,Hyderabad,West,Plot,3,3468,15695237,12147,0.93,77,55,5.75,8.93,6.91,2018,17.385,78.4867
PROP-0475,Hyderabad,Central,Villa,2,1423,16124125,36547,2.72,91,55,2.99,6.96,6.68,2025,17.385,78.4867
PROP-0476,Pune,Central,Commercial,2,2813,11740856,101327,10.36,78,49,9.75,7.7,7.14,2020,18.5204,73.8567
PROP-0477,Hyderabad,East,Plot,3,2388,23928121,75312,3.78,76,58,6.23,8.25,4.82,2023,17.385,78.4867
PROP-0478,Hyderabad,South,Apartment,2,3503,14454887,99614,8.27,80,51,3.56,8.65,6.67,2020,17.385,78.4867
PROP-0479,Mumbai,West,Plot,3,1298,10027107,107109,12.82,97,76,2.4,8.78,6.99,2020,19.076,72.8777
PROP-0480,Delhi,West,Apartment,4,2576,3982663,14463,4.36,86,63,5.1,6.22,6.45,2018,28.6139,77.209
PROP-0481,Delhi,East,Commercial,4,1812,6049432,92227,18.29,74,79,10.93,6.86,5.57,2025,28.6139,77.209
PROP-0482,Hyderabad,Central,Villa,4,1433,22097634,10297,0.56,95,66,7.32,7.67,5.68,2019,17.385,78.4867
PROP-0483,Chennai,East,Villa,3,1934,12042153,91198,9.09,81,94,4.32,8.99,4.41,2022,13.0827,80.2707
PROP-0484,Chennai,South,Commercial,4,2895,17033961,12511,0.88,67,58,3.79,8.99,4.09,2024,13.0827,80.2707
PROP-0485,Delhi,South,Plot,2,2988,21471922,104617,5.85,75,80,9.19,6.42,7.18,2019,28.6139,77.209
PROP-0486,Hyderabad,South,Commercial,4,1904,19846475,55557,3.36,72,58,2.19,8.88,5.9,2025,17.385,78.4867
PROP-0487,Chennai,North,Plot,5,1287,8929127,116779,15.69,61,94,2.6,8.73,4.97,2023,13.0827,80.2707
PROP-0488,Chennai,East,Plot,3,3890,4616960,101095,26.28,75,44,4.98,6.64,6.28,2021,13.0827,80.2707
PROP-0489,Bengaluru,West,Apartment,4,1189,23198524,101923,5.27,78,97,6.91,6.21,6.97,2021,12.9716,77.5946
PROP-0490,Mumbai,East,Villa,5,3355,20551454,24430,1.43,87,77,9.86,8.13,4.86,2019,19.076,72.8777
PROP-0491,Pune,East,Apartment,3,2365,10803923,107647,11.96,94,62,9.62,8.9,5.76,2020,18.5204,73.8567
PROP-0492,Hyderabad,West,Apartment,3,3772,6764066,32806,5.82,80,69,10.73,8.61,5.35,2020,17.385,78.4867
PROP-0493,Pune,West,Apartment,3,1251,9920178,111444,13.48,88,71,10.65,6.7,6.53,2023,18.5204,73.8567
PROP-0494,Hyderabad,West,Villa,5,504,3472729,41810,14.45,74,91,11.13,8.19,7.63,2021,17.385,78.4867
PROP-0495,Delhi,Central,Villa,5,1762,15762780,11011,0.84,91,55,8.9,7.68,4.1,2020,28.6139,77.209
PROP-0496,Delhi,West,Commercial,2,2370,22762554,42668,2.25,61,78,8.11,7.08,4.74,2021,28.6139,77.209
PROP-0497,Chennai,South,Apartment,3,2171,5649496,19858,4.22,88,88,11.58,6.91,5.17,2021,13.0827,80.2707
PROP-0498,Chennai,East,Commercial,5,1098,13128725,27832,2.54,87,64,6.15,6.6,4.86,2024,13.0827,80.2707
PROP-0499,Hyderabad,Central,Villa,3,2369,16074583,11224,0.84,80,50,9.74,7.59,5.45,2018,17.385,78.4867
PROP-0500,Hyderabad,Central,Villa,2,904,4498317,53364,14.24,88,100,10.33,6.39,5.15,2020,17.385,78.4867
PROP-0501,Delhi,South,Commercial,4,2755,17973879,29390,1.96,77,99,6.27,8.1,7.85,2020,28.6139,77.209
PROP-0502,Mumbai,North,Plot,1,1330,5439534,43902,9.69,95,76,2.72,8.01,6.07,2020,19.076,72.8777
PROP-0503,Delhi,East,Apartment,3,1338,19430485,75722,4.68,81,53,2.33,7.93,5.45,2018,28.6139,77.209
PROP-0504,Chennai,East,Commercial,3,851,13738170,118792,10.38,74,64,10.68,8.0,4.26,2018,13.0827,80.2707
PROP-0505,Bengaluru,North,Apartment,1,3839,15356496,47154,3.68,89,40,4.9,7.4,6.39,2023,12.9716,77.5946
PROP-0506,Hyderabad,Central,Villa,4,3496,8806702,14484,1.97,60,91,2.08,6.81,4.37,2023,17.385,78.4867
PROP-0507,Pune,Central,Commercial,3,818,23054922,113353,5.9,93,69,5.74,6.35,6.72,2023,18.5204,73.8567
PROP-0508,Bengaluru,North,Villa,2,2390,6369890,28444,5.36,77,88,4.69,7.83,7.01,2024,12.9716,77.5946
PROP-0509,Hyderabad,West,Apartment,5,1644,16591871,96342,6.97,71,52,6.58,6.0,5.15,2020,17.385,78.4867
PROP-0510,Bengaluru,West,Plot,1,801,19860423,78757,4.76,73,78,4.6,7.36,4.35,2024,12.9716,77.5946
PROP-0511,Chennai,East,Plot,3,3044,24382010,111164,5.47,62,76,11.63,6.78,4.81,2022,13.0827,80.2707
PROP-0512,Delhi,South,Plot,3,2753,24370126,96225,4.74,63,75,8.64,6.3,5.89,2023,28.6139,77.209
PROP-0513,Bengaluru,West,Commercial,5,2370,12450337,23741,2.29,82,98,4.85,6.25,5.94,2025,12.9716,77.5946
PROP-0514,Mumbai,East,Apartment,1,1007,13703417,60501,5.3,89,77,6.54,8.91,7.26,2023,19.076,72.8777
PROP-0515,Mumbai,West,Apartment,4,3149,22210353,11703,0.63,72,43,9.75,8.07,5.22,2020,19.076,72.8777
PROP-0516,Delhi,West,Villa,3,2561,17610691,30665,2.09,80,99,3.51,7.08,6.55,2023,28.6139,77.209
PROP-0517,Pune,West,Commercial,5,2722,12577478,26289,2.51,98,68,4.53,7.42,4.65,2023,18.5204,73.8567
PROP-0518,Pune,South,Commercial,4,2063,17750358,100947,6.82,66,98,2.15,8.41,4.24,2020,18.5204,73.8567
PROP-0519,Hyderabad,East,Plot,5,3166,15895368,102006,7.7,86,49,9.37,6.0,5.1,2025,17.385,78.4867
PROP-0520,Pune,South,Plot,3,2585,16395505,83532,6.11,100,53,3.34,7.25,4.17,2018,18.5204,73.8567
PROP-0521,Bengaluru,West,Plot,4,630,18993079,93834,5.93,84,100,9.12,8.35,4.86,2020,12.9716,77.5946
PROP-0522,Pune,East,Commercial,4,1078,7135228,104050,17.5,64,52,6.14,8.99,6.8,2023,18.5204,73.8567
PROP-0523,Chennai,East,Plot,5,1356,5652646,69446,14.74,69,43,4.16,7.64,4.64,2023,13.0827,80.2707
PROP-0524,Bengaluru,Central,Commercial,1,2935,5151083,111305,25.93,72,63,3.85,8.12,7.51,2024,12.9716,77.5946
PROP-0525,Mumbai,Central,Commercial,2,1820,10649535,67212,7.57,72,81,9.0,7.77,5.67,2022,19.076,72.8777
PROP-0526,Chennai,East,Plot,2,2484,6079756,60224,11.89,75,88,5.89,6.53,4.16,2018,13.0827,80.2707
PROP-0527,Pune,West,Apartment,2,3898,21485095,62896,3.51,77,60,3.21,8.05,7.99,2021,18.5204,73.8567
PROP-0528,Delhi,North,Apartment,2,2486,13668122,86764,7.62,87,45,6.26,7.65,5.94,2019,28.6139,77.209
PROP-0529,Mumbai,West,Villa,2,1916,12139284,106905,10.57,93,52,10.75,6.63,6.25,2025,19.076,72.8777
PROP-0530,Mumbai,North,Apartment,2,2909,15903296,54751,4.13,81,84,7.1,8.99,6.09,2023,19.076,72.8777
PROP-0531,Chennai,North,Villa,2,2834,24327511,100060,4.94,77,52,11.05,6.64,7.09,2019,13.0827,80.2707
PROP-0532,Chennai,East,Commercial,5,2342,18505023,21617,1.4,79,76,4.63,7.13,6.67,2020,13.0827,80.2707
PROP-0533,Mumbai,South,Plot,5,529,3257958,119461,44.0,68,58,7.57,7.55,4.83,2021,19.076,72.8777
PROP-0534,Mumbai,Central,Plot,2,795,8923604,23681,3.18,65,76,2.04,6.49,5.58,2020,19.076,72.8777
PROP-0535,Mumbai,Central,Plot,3,3593,3016646,42257,16.81,62,79,10.19,6.34,7.17,2019,19.076,72.8777
PROP-0536,Chennai,East,Villa,4,758,15411482,56552,4.4,67,58,9.37,7.72,6.71,2024,13.0827,80.2707
PROP-0537,Pune,Central,Plot,4,3362,23939286,67885,3.4,90,88,11.2,8.74,7.97,2021,18.5204,73.8567
PROP-0538,Mumbai,South,Apartment,2,2458,15494291,38790,3.0,79,86,10.71,8.2,6.32,2022,19.076,72.8777
PROP-0539,Delhi,South,Plot,2,1187,22870465,54455,2.86,77,80,6.18,7.53,5.46,2025,28.6139,77.209
PROP-0540,Hyderabad,Central,Commercial,3,871,24095804,59837,2.98,81,97,4.46,8.36,6.14,2024,17.385,78.4867
PROP-0541,Chennai,West,Commercial,5,2284,22173655,91168,4.93,79,92,10.77,7.22,6.51,2025,13.0827,80.2707
PROP-0542,Bengaluru,North,Plot,3,1676,24935390,71146,3.42,100,87,4.18,6.59,6.6,2022,12.9716,77.5946
PROP-0543,Bengaluru,West,Commercial,5,1936,20999313,17731,1.01,99,89,5.91,6.26,5.67,2023,12.9716,77.5946
PROP-0544,Chennai,West,Commercial,2,3913,17196415,14183,0.99,76,41,5.33,7.65,4.75,2018,13.0827,80.2707
PROP-0545,Mumbai,North,Apartment,2,1385,6515182,39206,7.22,88,43,9.43,7.08,5.11,2019,19.076,72.8777
PROP-0546,Delhi,Central,Apartment,3,3951,16694103,87959,6.32,61,46,10.45,6.2,4.25,2021,28.6139,77.209
PROP-0547,Mumbai,West,Villa,4,3555,3229036,96778,35.97,64,43,2.05,8.16,4.7,2025,19.076,72.8777
PROP-0548,Hyderabad,North,Commercial,3,3474,17358777,87384,6.04,79,93,8.13,8.44,5.62,2023,17.385,78.4867
PROP-0549,Mumbai,East,Apartment,4,3525,21459227,90052,5.04,96,44,11.85,6.47,7.17,2022,19.076,72.8777
PROP-0550,Chennai,West,Apartment,3,2336,12243710,115637,11.33,93,85,8.6,6.06,5.74,2024,13.0827,80.2707
PROP-0551,Hyderabad,North,Commercial,3,2144,17017683,35617,2.51,89,54,8.56,7.13,7.16,2025,17.385,78.4867
PROP-0552,Pune,North,Plot,1,1951,3190789,114971,43.24,61,40,9.48,8.18,5.48,2019,18.5204,73.8567
PROP-0553,Hyderabad,East,Plot,5,1893,23098906,79647,4.14,64,73,4.61,8.97,7.01,2021,17.385,78.4867
PROP-0554,Hyderabad,South,Plot,5,2604,5142079,30964,7.23,95,41,10.36,7.13,4.39,2022,17.385,78.4867
PROP-0555,Pune,South,Commercial,4,2807,10100760,31070,3.69,80,56,8.59,6.19,5.34,2020,18.5204,73.8567
PROP-0556,Bengaluru,North,Plot,5,3259,14726534,36141,2.94,61,42,2.08,6.36,7.12,2022,12.9716,77.5946
PROP-0557,Pune,South,Villa,3,1367,22100849,58647,3.18,98,44,3.7,6.31,4.47,2019,18.5204,73.8567
PROP-0558,Chennai,North,Plot,3,2214,16574619,12173,0.88,72,74,7.52,8.5,7.44,2024,13.0827,80.2707
PROP-0559,Hyderabad,West,Apartment,3,1991,24626694,64058,3.12,73,75,4.97,7.19,7.15,2020,17.385,78.4867
PROP-0560,Delhi,East,Apartment,1,2116,18956242,29525,1.87,98,87,6.58,8.29,6.2,2019,28.6139,77.209
PROP-0561,Delhi,West,Commercial,1,1341,12420647,21163,2.04,97,46,9.23,6.53,5.15,2023,28.6139,77.209
PROP-0562,Bengaluru,East,Apartment,3,1460,3326106,97818,35.29,62,71,10.7,6.55,4.92,2022,12.9716,77.5946
PROP-0563,Mumbai,East,Villa,5,2157,3710671,46576,15.06,77,48,4.08,7.72,5.35,2022,19.076,72.8777
PROP-0564,Mumbai,West,Commercial,3,916,24620247,57498,2.8,67,46,11.75,7.06,4.91,2025,19.076,72.8777
PROP-0565,Pune,Central,Commercial,5,1509,7507229,115563,18.47,67,56,9.22,6.74,5.64,2020,18.5204,73.8567
PROP-0566,Delhi,East,Villa,1,2982,10246787,70652,8.27,94,95,6.92,7.94,5.29,2024,28.6139,77.209
PROP-0567,Bengaluru,Central,Commercial,2,3464,21228869,15326,0.87,96,63,11.87,7.92,5.37,2024,12.9716,77.5946
PROP-0568,Bengaluru,Central,Villa,2,1922,24510372,62758,3.07,83,48,8.14,8.78,5.59,2025,12.9716,77.5946
PROP-0569,Mumbai,South,Commercial,4,1077,3320081,96535,34.89,65,88,8.74,7.19,4.22,2019,19.076,72.8777
PROP-0570,Hyderabad,South,Apartment,3,1120,3392443,50859,17.99,89,53,8.25,6.48,5.59,2023,17.385,78.4867
PROP-0571,Hyderabad,West,Commercial,2,792,7365828,108400,17.66,80,84,4.85,8.13,5.92,2021,17.385,78.4867
PROP-0572,Pune,North,Commercial,5,2171,3380871,16316,5.79,64,45,7.93,8.39,6.3,2019,18.5204,73.8567
PROP-0573,Hyderabad,West,Plot,2,1193,11305530,16076,1.71,70,84,2.58,7.08,4.48,2021,17.385,78.4867
PROP-0574,Pune,South,Apartment,3,2059,12733671,39020,3.68,72,41,2.07,7.27,5.26,2025,18.5204,73.8567
PROP-0575,Mumbai,North,Villa,3,713,15969710,68715,5.16,82,77,9.43,6.55,7.75,2024,19.076,72.8777
PROP-0576,Delhi,North,Commercial,3,1006,3487899,37417,12.87,96,76,7.32,6.73,6.94,2024,28.6139,77.209
PROP-0577,Mumbai,Central,Apartment,5,3548,21842159,81135,4.46,67,73,3.94,6.51,4.89,2021,19.076,72.8777
PROP-0578,Chennai,South,Villa,3,2459,6982903,15473,2.66,88,89,6.41,6.43,4.63,2019,13.0827,80.2707
PROP-0579,Bengaluru,West,Commercial,4,2136,20176414,48984,2.91,84,68,3.85,7.89,6.13,2025,12.9716,77.5946
PROP-0580,Delhi,West,Commercial,4,2641,17456053,38357,2.64,75,42,7.73,6.54,6.61,2018,28.6139,77.209
PROP-0581,Delhi,North,Plot,3,1288,10037771,68902,8.24,93,98,11.15,8.9,5.77,2018,28.6139,77.209
PROP-0582,Mumbai,West,Apartment,2,1920,12705204,48293,4.56,83,69,8.22,8.2,7.95,2024,19.076,72.8777
PROP-0583,Hyderabad,West,Plot,2,1459,19382575,81218,5.03,79,41,9.96,8.32,7.39,2021,17.385,78.4867
PROP-0584,Delhi,Central,Apartment,1,3529,14617626,14197,1.17,87,42,11.49,7.3,5.68,2024,28.6139,77.209
PROP-0585,Mumbai,West,Apartment,4,3792,5673209,51779,10.95,99,48,5.7,7.41,4.13,2019,19.076,72.8777
PROP-0586,Pune,South,Commercial,5,3142,14404432,75325,6.28,61,84,7.84,8.92,4.21,2022,18.5204,73.8567
PROP-0587,Pune,West,Villa,3,2794,13493012,36768,3.27,78,97,5.11,7.76,5.41,2020,18.5204,73.8567
PROP-0588,Chennai,West,Villa,4,3735,10377464,81290,9.4,74,94,3.89,8.72,4.28,2025,13.0827,80.2707
PROP-0589,Hyderabad,South,Plot,3,2194,20642162,39114,2.27,81,85,3.55,8.58,7.05,2024,17.385,78.4867
PROP-0590,Mumbai,East,Plot,5,2250,4287761,25777,7.21,66,68,10.6,7.86,6.28,2025,19.076,72.8777
PROP-0591,Bengaluru,East,Villa,4,2262,4171071,16622,4.78,68,71,4.93,6.53,7.63,2021,12.9716,77.5946
PROP-0592,Delhi,South,Villa,5,624,17326004,14778,1.02,87,75,3.38,7.51,5.39,2022,28.6139,77.209
PROP-0593,Delhi,West,Commercial,2,2915,14133802,81717,6.94,88,79,4.42,8.53,4.14,2019,28.6139,77.209
PROP-0594,Delhi,West,Commercial,4,931,19032307,24632,1.55,77,61,5.73,8.88,5.63,2023,28.6139,77.209
PROP-0595,Chennai,Central,Plot,5,3693,12828253,79926,7.48,79,81,5.26,8.38,4.2,2018,13.0827,80.2707
PROP-0596,Pune,East,Villa,4,2902,15284779,39517,3.1,96,55,2.97,6.35,7.42,2022,18.5204,73.8567
PROP-0597,Bengaluru,South,Commercial,2,1276,11686664,35015,3.6,62,41,6.0,6.77,4.79,2023,12.9716,77.5946
PROP-0598,Bengaluru,South,Commercial,5,2709,13126751,88039,8.05,90,45,6.23,6.53,7.18,2022,12.9716,77.5946
PROP-0599,Hyderabad,North,Plot,3,3765,4396778,34174,9.33,94,51,2.67,8.58,5.58,2019,17.385,78.4867
PROP-0600,Bengaluru,Central,Commercial,4,2236,6440695,93264,17.38,90,46,4.55,6.73,7.46,2025,12.9716,77.5946
PROP-0601,Chennai,Central,Commercial,1,1316,22527130,64904,3.46,67,54,7.0,8.01,6.68,2019,13.0827,80.2707
PROP-0602,Delhi,East,Plot,2,2049,5989416,47525,9.52,87,86,10.24,8.51,7.35,2025,28.6139,77.209
PROP-0603,Delhi,East,Apartment,3,2168,23045023,102205,5.32,65,98,2.08,7.93,5.02,2022,28.6139,77.209
PROP-0604,Pune,Central,Plot,1,962,14089685,63420,5.4,96,64,4.09,7.42,6.19,2020,18.5204,73.8567
PROP-0605,Pune,East,Plot,3,1690,16302437,90707,6.68,91,48,2.56,7.11,6.53,2023,18.5204,73.8567
PROP-0606,Delhi,Central,Apartment,2,570,19124824,41813,2.62,67,52,3.06,8.61,6.11,2025,28.6139,77.209
PROP-0607,Hyderabad,Central,Apartment,4,1358,21123822,116994,6.65,63,51,5.16,6.57,4.89,2024,17.385,78.4867
PROP-0608,Bengaluru,South,Villa,4,711,11276487,29460,3.14,100,72,7.29,8.22,4.03,2018,12.9716,77.5946
PROP-0609,Chennai,Central,Villa,5,3348,18261557,58166,3.82,70,47,3.27,7.0,7.8,2019,13.0827,80.2707
PROP-0610,Delhi,North,Villa,1,3156,24608201,16573,0.81,100,66,11.99,7.23,5.1,2025,28.6139,77.209
PROP-0611,Hyderabad,East,Villa,3,2851,8310350,98808,14.27,70,90,6.81,6.06,4.57,2020,17.385,78.4867
PROP-0612,Mumbai,North,Villa,1,676,18353919,23629,1.54,92,77,4.73,8.74,6.34,2025,19.076,72.8777
PROP-0613,Bengaluru,East,Plot,2,2240,18461617,101303,6.58,91,98,10.54,7.74,6.12,2025,12.9716,77.5946
PROP-0614,Delhi,Central,Plot,1,3254,18687915,102569,6.59,60,81,3.88,8.6,6.82,2019,28.6139,77.209
PROP-0615,Chennai,Central,Villa,3,3091,24618849,109527,5.34,72,64,8.92,7.98,6.39,2020,13.0827,80.2707
PROP-0616,Pune,West,Villa,2,3948,9936036,108911,13.15,79,71,10.27,7.79,7.41,2021,18.5204,73.8567
PROP-0617,Hyderabad,East,Plot,2,2324,12847758,73368,6.85,77,57,10.66,7.2,5.79,2024,17.385,78.4867
PROP-0618,Bengaluru,Central,Commercial,1,805,13931026,16207,1.4,83,49,2.05,6.46,6.44,2018,12.9716,77.5946
PROP-0619,Pune,West,Commercial,1,858,24928101,63630,3.06,71,74,10.87,6.06,6.19,2024,18.5204,73.8567
PROP-0620,Delhi,South,Villa,2,3356,22308839,26702,1.44,100,65,4.65,6.05,7.24,2018,28.6139,77.209
PROP-0621,Delhi,Central,Apartment,5,2654,20437439,60788,3.57,71,83,8.82,6.2,7.51,2020,28.6139,77.209
PROP-0622,Pune,Central,Plot,1,2751,13311605,38870,3.5,70,53,5.42,8.59,4.07,2018,18.5204,73.8567
PROP-0623,Bengaluru,North,Commercial,1,707,13272933,41583,3.76,85,56,10.53,7.2,5.49,2021,12.9716,77.5946
PROP-0624,Mumbai,Central,Villa,1,2844,14147238,61597,5.22,71,77,11.79,6.69,5.72,2019,19.076,72.8777
PROP-0625,Bengaluru,West,Apartment,5,707,3565419,21698,7.3,80,71,6.13,7.49,4.5,2019,12.9716,77.5946
PROP-0626,Bengaluru,Central,Apartment,4,750,10429912,65085,7.49,75,54,9.78,6.44,5.02,2025,12.9716,77.5946
PROP-0627,Hyderabad,Central,Villa,4,826,12062155,30238,3.01,99,66,7.01,8.75,5.54,2024,17.385,78.4867
PROP-0628,Chennai,North,Plot,5,1055,23150210,22041,1.14,72,67,3.04,8.49,5.65,2021,13.0827,80.2707
PROP-0629,Mumbai,West,Commercial,1,529,22912131,115903,6.07,88,79,9.12,7.73,7.01,2020,19.076,72.8777
PROP-0630,Delhi,North,Villa,3,1908,9398732,16187,2.07,76,63,7.39,7.33,7.72,2019,28.6139,77.209
PROP-0631,Chennai,East,Commercial,1,754,20220661,87655,5.2,84,96,3.38,8.24,7.16,2019,13.0827,80.2707
PROP-0632,Bengaluru,Central,Commercial,3,3686,10792996,39924,4.44,69,49,5.81,7.79,5.98,2024,12.9716,77.5946
PROP-0633,Bengaluru,North,Commercial,5,3661,16515166,14904,1.08,83,70,11.23,8.36,7.52,2024,12.9716,77.5946
PROP-0634,Mumbai,West,Commercial,2,3531,3956726,87166,26.44,72,73,11.13,6.5,5.81,2022,19.076,72.8777
PROP-0635,Pune,Central,Commercial,4,2741,15610365,98240,7.55,85,93,2.24,8.2,7.67,2025,18.5204,73.8567
PROP-0636,Pune,South,Apartment,3,3573,11302478,108692,11.54,70,53,10.58,7.31,6.59,2018,18.5204,73.8567
PROP-0637,Delhi,West,Apartment,1,889,6132290,56158,10.99,93,68,6.14,6.29,7.01,2022,28.6139,77.209
PROP-0638,Bengaluru,West,Plot,5,3073,14319940,78500,6.58,61,59,4.43,8.25,5.17,2021,12.9716,77.5946
PROP-0639,Delhi,Central,Commercial,5,1055,8945804,101172,13.57,63,74,10.32,8.93,4.03,2025,28.6139,77.209
PROP-0640,Mumbai,South,Commercial,2,951,24952931,72611,3.49,72,81,5.34,8.8,6.07,2022,19.076,72.8777
PROP-0641,Delhi,East,Plot,5,3789,18737809,25283,1.62,68,81,9.37,7.15,4.49,2018,28.6139,77.209
PROP-0642,Pune,East,Commercial,2,3367,6237949,51206,9.85,98,67,4.45,6.98,6.37,2018,18.5204,73.8567
PROP-0643,Delhi,Central,Plot,2,2415,4040385,14325,4.25,78,61,3.97,6.2,5.76,2019,28.6139,77.209
PROP-0644,Delhi,North,Villa,1,3172,12632448,18982,1.8,63,54,4.63,6.58,6.72,2021,28.6139,77.209
PROP-0645,Mumbai,North,Apartment,1,883,5818385,81440,16.8,65,89,11.17,8.34,7.45,2019,19.076,72.8777
PROP-0646,Bengaluru,East,Apartment,1,546,19941408,97482,5.87,63,73,4.37,6.28,4.4,2020,12.9716,77.5946
PROP-0647,Pune,West,Apartment,3,2455,14706171,85391,6.97,69,56,2.85,6.27,5.12,2018,18.5204,73.8567
PROP-0648,Pune,East,Commercial,3,867,9739831,14807,1.82,80,76,10.53,6.15,6.3,2022,18.5204,73.8567
PROP-0649,Pune,North,Villa,2,3846,10783479,27887,3.1,87,40,9.57,7.72,5.35,2020,18.5204,73.8567
PROP-0650,Bengaluru,West,Villa,5,3486,3003122,105471,42.14,61,80,7.24,6.12,5.39,2020,12.9716,77.5946
PROP-0651,Hyderabad,North,Commercial,3,3277,11429265,51377,5.39,70,45,9.57,7.73,7.63,2022,17.385,78.4867
PROP-0652,Hyderabad,East,Commercial,3,3032,7906672,62509,9.49,75,97,8.34,8.98,4.17,2025,17.385,78.4867
PROP-0653,Delhi,West,Commercial,1,3262,16752984,90778,6.5,97,95,4.18,7.82,4.51,2024,28.6139,77.209
PROP-0654,Hyderabad,West,Villa,5,3225,13845289,66058,5.73,78,64,3.39,8.61,7.11,2021,17.385,78.4867
PROP-0655,Chennai,West,Villa,1,1225,13361006,53465,4.8,72,67,2.01,6.79,7.44,2023,13.0827,80.2707
PROP-0656,Bengaluru,East,Apartment,2,3439,4580738,49126,12.87,93,91,2.79,8.87,4.93,2020,12.9716,77.5946
PROP-0657,Delhi,West,Villa,4,516,12610091,77222,7.35,85,75,10.33,6.1,6.61,2021,28.6139,77.209
PROP-0658,Hyderabad,East,Villa,4,2992,4198873,25561,7.31,75,91,2.69,8.6,5.84,2020,17.385,78.4867
PROP-0659,Mumbai,East,Plot,5,819,11691689,83508,8.57,96,52,6.82,7.06,7.66,2020,19.076,72.8777
PROP-0660,Hyderabad,East,Plot,5,1804,9175858,80487,10.53,73,90,4.95,6.55,4.37,2025,17.385,78.4867
PROP-0661,Mumbai,East,Villa,1,1515,21269202,75971,4.29,69,65,7.07,8.99,4.88,2018,19.076,72.8777
PROP-0662,Bengaluru,Central,Villa,2,2971,3670259,70205,22.95,92,90,3.41,6.2,6.76,2025,12.9716,77.5946
PROP-0663,Chennai,Central,Commercial,4,1401,20120989,104126,6.21,99,72,10.18,6.29,5.17,2024,13.0827,80.2707
PROP-0664,Delhi,North,Villa,2,3764,23482476,61885,3.16,85,75,9.97,6.93,6.2,2022,28.6139,77.209
PROP-0665,Hyderabad,Central,Commercial,4,3881,11203507,84746,9.08,67,95,9.29,7.3,5.08,2023,17.385,78.4867
PROP-0666,Chennai,West,Commercial,4,2319,3082781,80926,31.5,82,44,7.51,7.2,4.98,2024,13.0827,80.2707
PROP-0667,Hyderabad,West,Villa,2,2730,21926878,41047,2.25,98,74,11.43,7.04,4.28,2019,17.385,78.4867
PROP-0668,Chennai,West,Villa,3,1976,10695303,16098,1.81,87,89,5.93,8.54,7.09,2024,13.0827,80.2707
PROP-0669,Mumbai,North,Plot,5,1624,18334425,78214,5.12,100,46,10.96,8.61,6.34,2018,19.076,72.8777
PROP-0670,Hyderabad,West,Plot,5,2023,18619220,75012,4.83,93,68,3.72,7.21,4.71,2025,17.385,78.4867
PROP-0671,Chennai,North,Plot,2,1885,18990552,47697,3.01,68,61,2.71,7.49,4.68,2018,13.0827,80.2707
PROP-0672,Hyderabad,East,Villa,4,701,17305157,13408,0.93,67,57,9.26,8.12,7.3,2023,17.385,78.4867
PROP-0673,Bengaluru,East,Plot,4,851,18557783,81698,5.28,73,100,8.27,6.6,7.78,2018,12.9716,77.5946
PROP-0674,Delhi,Central,Villa,2,830,18270069,105045,6.9,99,88,8.04,8.91,6.47,2022,28.6139,77.209
PROP-0675,Chennai,South,Villa,4,2659,3303608,57804,21.0,78,94,4.12,6.56,4.34,2018,13.0827,80.2707
PROP-0676,Chennai,West,Villa,1,1397,22700107,93924,4.97,97,85,11.89,7.27,6.89,2023,13.0827,80.2707
PROP-0677,Delhi,Central,Apartment,3,1919,8055244,60276,8.98,95,83,3.86,7.61,4.11,2022,28.6139,77.209
PROP-0678,Hyderabad,South,Apartment,2,2836,20145804,51349,3.06,70,44,2.82,7.06,7.78,2023,17.385,78.4867
PROP-0679,Mumbai,North,Apartment,4,1425,21817635,110323,6.07,93,64,3.36,8.57,6.03,2022,19.076,72.8777
PROP-0680,Delhi,East,Villa,2,1664,15178472,83706,6.62,99,52,5.47,7.1,4.95,2018,28.6139,77.209
PROP-0681,Chennai,North,Villa,4,554,5853048,97918,20.08,83,98,7.25,6.31,5.85,2019,13.0827,80.2707
PROP-0682,Pune,South,Villa,3,3778,14944593,59605,4.79,78,89,6.34,8.04,6.41,2021,18.5204,73.8567
PROP-0683,Bengaluru,East,Villa,4,663,9050440,59999,7.96,91,41,5.67,8.04,5.63,2020,12.9716,77.5946
PROP-0684,Mumbai,Central,Commercial,2,1651,7112149,13912,2.35,79,45,4.85,7.82,5.81,2021,19.076,72.8777
PROP-0685,Bengaluru,East,Commercial,5,2941,21965827,56161,3.07,72,87,5.6,6.27,4.03,2021,12.9716,77.5946
PROP-0686,Chennai,North,Apartment,2,2456,19826689,96043,5.81,66,87,7.57,8.03,7.07,2020,13.0827,80.2707
PROP-0687,Mumbai,North,Commercial,2,2221,7510883,42491,6.79,66,98,8.18,6.25,4.98,2018,19.076,72.8777
PROP-0688,Delhi,North,Apartment,1,1955,24555985,59789,2.92,91,97,8.28,6.12,5.67,2018,28.6139,77.209
PROP-0689,Mumbai,West,Villa,1,2642,21976945,103665,5.66,69,59,2.21,8.01,5.74,2021,19.076,72.8777
PROP-0690,Delhi,West,Plot,4,3913,10745941,21783,2.43,75,73,11.55,7.18,5.39,2020,28.6139,77.209
PROP-0691,Delhi,West,Commercial,1,855,11690811,56231,5.77,65,88,2.95,8.03,6.71,2023,28.6139,77.209
PROP-0692,Pune,Central,Villa,2,2287,9316039,64473,8.3,81,57,7.27,7.55,7.28,2018,18.5204,73.8567
PROP-0693,Delhi,East,Plot,3,679,7404012,96566,15.65,90,82,3.36,8.15,7.05,2025,28.6139,77.209
PROP-0694,Delhi,South,Plot,4,1111,9249245,38808,5.03,72,91,5.33,7.75,6.47,2024,28.6139,77.209
PROP-0695,Bengaluru,North,Villa,3,2983,17518833,67225,4.6,63,93,8.9,6.4,5.15,2023,12.9716,77.5946
PROP-0696,Chennai,South,Commercial,3,2292,23466961,65941,3.37,98,53,9.35,7.37,4.78,2025,13.0827,80.2707
PROP-0697,Pune,North,Villa,1,3661,3527784,98116,33.37,98,49,4.45,8.45,7.83,2020,18.5204,73.8567
PROP-0698,Mumbai,North,Plot,2,1660,24608059,51181,2.5,77,46,5.71,7.49,5.39,2024,19.076,72.8777
PROP-0699,Hyderabad,West,Commercial,4,3867,15071640,92087,7.33,73,73,6.75,8.56,6.98,2024,17.385,78.4867
PROP-0700,Delhi,East,Apartment,2,1558,5053057,112187,26.64,84,96,9.66,6.82,6.19,2022,28.6139,77.209
PROP-0701,Pune,East,Plot,1,616,17689697,27457,1.86,87,97,8.81,7.53,7.66,2024,18.5204,73.8567
PROP-0702,Bengaluru,East,Commercial,2,3037,23056395,27052,1.41,92,43,4.48,8.83,4.68,2023,12.9716,77.5946
PROP-0703,Mumbai,East,Plot,4,843,3762382,73644,23.49,94,45,2.25,8.94,4.13,2021,19.076,72.8777
PROP-0704,Hyderabad,South,Villa,5,1119,21718898,47431,2.62,86,55,4.77,7.61,6.54,2022,17.385,78.4867
PROP-0705,Delhi,North,Commercial,4,3630,22135639,115600,6.27,89,59,8.27,7.66,5.44,2020,28.6139,77.209
PROP-0706,Bengaluru,East,Villa,1,3095,11937794,10725,1.08,89,68,6.13,6.98,6.76,2020,12.9716,77.5946
PROP-0707,Chennai,North,Commercial,5,1622,8974302,105058,14.05,94,48,3.8,6.9,4.91,2020,13.0827,80.2707
PROP-0708,Chennai,South,Villa,3,2254,16111312,80317,5.98,61,54,7.44,8.77,5.47,2025,13.0827,80.2707
PROP-0709,Chennai,East,Commercial,3,3254,22636763,17709,0.94,71,63,2.72,8.63,4.65,2019,13.0827,80.2707
PROP-0710,Pune,East,Commercial,3,3337,15198293,86472,6.83,67,91,4.36,7.56,4.83,2018,18.5204,73.8567
PROP-0711,Pune,East,Apartment,5,3608,22211241,38624,2.09,92,68,3.01,6.68,7.83,2018,18.5204,73.8567
PROP-0712,Delhi,East,Apartment,5,1663,3891302,99046,30.54,97,56,10.4,7.0,7.13,2024,28.6139,77.209
PROP-0713,Pune,West,Apartment,2,3580,14632840,27004,2.21,65,85,6.12,6.03,5.8,2022,18.5204,73.8567
PROP-0714,Delhi,Central,Villa,4,718,7277116,95093,15.68,68,49,10.91,6.18,4.92,2021,28.6139,77.209
PROP-0715,Chennai,North,Apartment,3,1267,19732458,79387,4.83,63,55,3.44,8.65,4.21,2021,13.0827,80.2707
PROP-0716,Mumbai,Central,Apartment,5,3594,8544134,21916,3.08,78,79,9.31,6.41,7.89,2022,19.076,72.8777
PROP-0717,Bengaluru,East,Commercial,1,3310,6435283,76709,14.3,100,72,5.61,6.91,4.47,2020,12.9716,77.5946
PROP-0718,Chennai,Central,Villa,1,1975,20413566,28886,1.7,66,71,7.31,8.88,7.75,2021,13.0827,80.2707
PROP-0719,Bengaluru,North,Commercial,4,2661,8917197,113237,15.24,96,48,3.02,7.8,7.43,2020,12.9716,77.5946
PROP-0720,Mumbai,Central,Villa,2,1335,7267105,31076,5.13,79,67,3.75,6.08,7.82,2025,19.076,72.8777
PROP-0721,Pune,Central,Apartment,1,3655,15812535,79670,6.05,68,86,8.64,6.99,5.56,2018,18.5204,73.8567
PROP-0722,Delhi,South,Villa,3,2496,3132087,101303,38.81,67,43,4.58,8.91,6.42,2023,28.6139,77.209
PROP-0723,Pune,South,Plot,2,3051,14250843,11796,0.99,75,52,3.58,8.78,5.86,2018,18.5204,73.8567
PROP-0724,Chennai,Central,Villa,4,2637,18628230,79414,5.12,96,79,9.6,6.28,4.99,2020,13.0827,80.2707
PROP-0725,Hyderabad,Central,Commercial,4,1478,21689719,46322,2.56,67,83,2.93,8.15,6.5,2021,17.385,78.4867
PROP-0726,Hyderabad,North,Apartment,3,1308,15742461,10800,0.82,82,81,3.28,8.33,6.48,2023,17.385,78.4867
PROP-0727,Bengaluru,South,Commercial,1,2220,21841321,63876,3.51,89,95,5.89,8.94,4.03,2025,12.9716,77.5946
PROP-0728,Hyderabad,North,Villa,1,1332,3231960,30039,11.15,91,91,2.31,8.86,4.1,2024,17.385,78.4867
PROP-0729,Bengaluru,West,Apartment,5,1723,10405821,43379,5.0,94,43,9.85,7.52,7.67,2019,12.9716,77.5946
PROP-0730,Pune,Central,Plot,3,695,19254338,20820,1.3,95,82,6.04,7.68,5.0,2021,18.5204,73.8567
PROP-0731,Mumbai,South,Apartment,4,1883,7960136,20183,3.04,67,57,8.88,7.49,4.25,2024,19.076,72.8777
PROP-0732,Mumbai,North,Commercial,2,2152,5171566,35953,8.34,75,40,8.71,6.39,4.88,2019,19.076,72.8777
PROP-0733,Bengaluru,North,Plot,5,3902,18763887,34744,2.22,85,56,2.51,8.29,4.08,2020,12.9716,77.5946
PROP-0734,Bengaluru,North,Commercial,2,3635,13384274,37699,3.38,76,68,6.42,6.36,5.2,2025,12.9716,77.5946
PROP-0735,Bengaluru,West,Plot,4,3916,19781009,31375,1.9,99,79,4.48,6.06,6.48,2022,12.9716,77.5946
PROP-0736,Delhi,East,Commercial,1,3193,4592557,113719,29.71,70,48,3.05,6.53,7.93,2023,28.6139,77.209
PROP-0737,Bengaluru,East,Apartment,2,3799,10895749,97520,10.74,69,51,7.41,6.18,5.42,2022,12.9716,77.5946
PROP-0738,Bengaluru,Central,Commercial,5,3967,11772735,48688,4.96,83,90,9.58,7.63,4.77,2023,12.9716,77.5946
PROP-0739,Delhi,North,Plot,2,1837,15510659,77094,5.96,87,55,6.48,6.62,6.73,2024,28.6139,77.209
PROP-0740,Mumbai,East,Apartment,3,1904,10410756,60191,6.94,95,62,5.21,8.66,7.89,2025,19.076,72.8777
PROP-0741,Hyderabad,West,Villa,1,3369,4846341,25683,6.36,86,80,4.07,7.76,5.8,2020,17.385,78.4867
PROP-0742,Chennai,East,Commercial,5,2027,5535821,36511,7.91,69,55,5.42,7.49,7.06,2022,13.0827,80.2707
PROP-0743,Bengaluru,South,Commercial,1,1236,11006944,113738,12.4,68,68,5.74,8.21,4.08,2023,12.9716,77.5946
PROP-0744,Pune,North,Commercial,5,1304,22534962,38635,2.06,71,51,5.73,8.57,7.0,2023,18.5204,73.8567
PROP-0745,Chennai,South,Apartment,2,1623,15041385,23536,1.88,70,72,4.42,7.43,6.66,2018,13.0827,80.2707
PROP-0746,Hyderabad,East,Apartment,5,2440,24037189,87131,4.35,63,44,6.71,7.01,6.07,2022,17.385,78.4867
PROP-0747,Mumbai,West,Commercial,2,2894,14252255,65236,5.49,75,62,10.0,8.13,4.19,2018,19.076,72.8777
PROP-0748,Delhi,North,Commercial,4,2667,5709485,56005,11.77,62,73,10.53,6.05,7.7,2021,28.6139,77.209
PROP-0749,Chennai,North,Commercial,5,1081,8798406,99414,13.56,65,88,11.41,9.0,6.77,2024,13.0827,80.2707
PROP-0750,Mumbai,West,Apartment,2,803,8861072,20298,2.75,85,88,6.82,8.86,6.18,2022,19.076,72.8777
PROP-0751,Delhi,East,Commercial,1,3569,4553616,89867,23.68,77,81,8.77,6.83,6.86,2020,28.6139,77.209
PROP-0752,Pune,East,Villa,1,2265,19121714,85156,5.34,75,93,10.05,8.32,7.71,2024,18.5204,73.8567
PROP-0753,Chennai,East,Commercial,5,2314,8524354,54403,7.66,68,45,3.93,6.05,6.21,2020,13.0827,80.2707
PROP-0754,Hyderabad,East,Plot,3,3868,4491266,18402,4.92,67,81,11.49,7.91,5.34,2018,17.385,78.4867
PROP-0755,Bengaluru,North,Plot,4,2497,5855714,37497,7.68,99,97,2.23,8.3,5.05,2022,12.9716,77.5946
PROP-0756,Pune,South,Apartment,1,3854,13721580,48723,4.26,60,41,8.38,7.17,4.64,2023,18.5204,73.8567
PROP-0757,Mumbai,East,Villa,1,3577,17126413,109285,7.66,71,80,4.86,8.53,6.42,2018,19.076,72.8777
PROP-0758,Pune,Central,Villa,5,2224,10310201,58505,6.81,96,65,3.75,6.64,5.46,2025,18.5204,73.8567
PROP-0759,Delhi,East,Commercial,1,918,9503904,109300,13.8,69,47,7.95,6.24,7.28,2022,28.6139,77.209
PROP-0760,Mumbai,West,Villa,5,3524,20972469,82371,4.71,64,92,6.73,8.83,5.95,2025,19.076,72.8777
PROP-0761,Pune,West,Villa,5,774,13995604,119938,10.28,89,82,7.87,6.19,7.7,2020,18.5204,73.8567
PROP-0762,Bengaluru,East,Apartment,5,3399,22117225,68293,3.71,64,58,5.82,7.61,4.41,2020,12.9716,77.5946
PROP-0763,Pune,South,Commercial,1,2232,20564886,116107,6.78,97,91,11.42,6.64,6.96,2022,18.5204,73.8567
PROP-0764,Hyderabad,North,Apartment,1,2311,19026765,35495,2.24,90,76,5.3,8.16,4.66,2019,17.385,78.4867
PROP-0765,Mumbai,Central,Commercial,4,3189,3047475,15031,5.92,81,72,3.54,8.12,7.61,2023,19.076,72.8777
PROP-0766,Bengaluru,South,Villa,4,1638,7431636,55671,8.99,64,45,9.98,8.54,5.41,2022,12.9716,77.5946
PROP-0767,Pune,North,Commercial,5,3683,6744604,115904,20.62,60,44,3.8,6.92,4.34,2023,18.5204,73.8567
PROP-0768,Hyderabad,East,Apartment,5,1030,23792960,21941,1.11,88,79,9.64,7.05,5.19,2018,17.385,78.4867
PROP-0769,Pune,Central,Commercial,4,3761,21125778,84974,4.83,72,86,11.29,8.6,7.95,2019,18.5204,73.8567
PROP-0770,Mumbai,South,Apartment,4,3553,24385618,66250,3.26,70,57,8.16,6.18,5.26,2025,19.076,72.8777
PROP-0771,Pune,Central,Villa,5,2288,8018985,75867,11.35,96,68,6.03,7.36,7.38,2021,18.5204,73.8567
PROP-0772,Bengaluru,South,Apartment,2,3429,21653153,23229,1.29,81,100,6.48,8.12,4.21,2018,12.9716,77.5946
PROP-0773,Delhi,Central,Commercial,5,1349,10697046,63137,7.08,62,89,6.33,8.34,4.75,2018,28.6139,77.209
PROP-0774,Pune,South,Apartment,5,1766,19654223,11491,0.7,84,48,6.43,8.41,4.05,2022,18.5204,73.8567
PROP-0775,Bengaluru,West,Apartment,5,1341,22455499,114259,6.11,67,77,4.56,7.66,4.95,2025,12.9716,77.5946
PROP-0776,Mumbai,East,Villa,5,2011,11708918,82458,8.45,84,45,6.27,8.12,5.85,2025,19.076,72.8777
PROP-0777,Mumbai,Central,Plot,2,2294,23479002,19041,0.97,70,97,11.23,8.6,7.26,2018,19.076,72.8777
PROP-0778,Hyderabad,Central,Villa,5,2495,17064898,95076,6.69,72,70,4.18,7.51,5.65,2023,17.385,78.4867
PROP-0779,Bengaluru,North,Villa,1,913,12179631,58572,5.77,80,45,9.99,6.03,6.05,2020,12.9716,77.5946
PROP-0780,Pune,West,Commercial,5,3425,11995825,75206,7.52,69,69,2.83,6.8,5.01,2023,18.5204,73.8567
PROP-0781,Mumbai,North,Apartment,4,2460,8716061,81655,11.24,94,84,11.37,7.3,7.44,2023,19.076,72.8777
PROP-0782,Delhi,East,Villa,4,822,22727112,62789,3.32,63,52,4.89,7.03,6.52,2024,28.6139,77.209
PROP-0783,Mumbai,South,Plot,4,3953,14454876,85899,7.13,62,96,10.37,8.55,7.43,2020,19.076,72.8777
PROP-0784,Delhi,North,Plot,2,2523,23974810,77880,3.9,68,52,5.58,7.5,6.2,2025,28.6139,77.209
PROP-0785,Hyderabad,East,Villa,2,3623,15365952,55676,4.35,68,41,6.34,8.16,5.86,2020,17.385,78.4867
PROP-0786,Bengaluru,West,Plot,5,3640,5111269,85953,20.18,61,54,4.9,8.72,5.71,2020,12.9716,77.5946
PROP-0787,Mumbai,East,Villa,1,1018,20072501,70850,4.24,95,77,2.57,7.43,4.99,2020,19.076,72.8777
PROP-0788,Mumbai,North,Commercial,1,3957,23157053,51853,2.69,76,92,3.38,7.49,4.39,2018,19.076,72.8777
PROP-0789,Hyderabad,Central,Commercial,2,3379,21667567,66930,3.71,66,55,9.57,6.25,4.97,2024,17.385,78.4867
PROP-0790,Bengaluru,West,Apartment,1,588,22662509,114496,6.06,80,67,5.77,8.51,5.4,2020,12.9716,77.5946
PROP-0791,Pune,North,Apartment,3,3834,22291266,59427,3.2,99,59,9.26,8.59,5.56,2020,18.5204,73.8567
PROP-0792,Hyderabad,South,Plot,2,3697,21352842,73345,4.12,68,65,5.79,7.08,5.87,2020,17.385,78.4867
PROP-0793,Bengaluru,West,Villa,4,3113,24430168,66681,3.28,82,82,5.34,8.9,6.73,2018,12.9716,77.5946
PROP-0794,Chennai,West,Commercial,2,2921,23274587,48937,2.52,100,58,10.97,6.89,6.39,2018,13.0827,80.2707
PROP-0795,Pune,East,Plot,5,1361,4675071,77405,19.87,76,90,9.08,7.88,4.97,2018,18.5204,73.8567
PROP-0796,Bengaluru,West,Plot,5,687,6250180,113152,21.72,77,75,5.52,6.06,4.92,2018,12.9716,77.5946
PROP-0797,Mumbai,South,Villa,4,2337,18778662,31884,2.04,97,65,3.18,7.85,6.5,2021,19.076,72.8777
PROP-0798,Hyderabad,Central,Commercial,3,1846,13934500,43464,3.74,85,64,4.55,6.9,7.09,2024,17.385,78.4867
PROP-0799,Chennai,Central,Plot,4,719,23140534,109599,5.68,91,47,6.97,6.62,6.38,2019,13.0827,80.2707
PROP-0800,Hyderabad,West,Apartment,2,3011,5294986,108778,24.65,92,95,10.35,8.73,6.64,2022,17.385,78.4867
PROP-0801,Hyderabad,South,Villa,4,647,9275925,116578,15.08,67,54,2.83,7.24,4.45,2020,17.385,78.4867
PROP-0802,Bengaluru,North,Plot,3,3140,3745864,58602,18.77,80,96,10.3,8.62,7.48,2023,12.9716,77.5946
PROP-0803,Mumbai,Central,Apartment,3,2458,21913342,57118,3.13,83,79,8.04,7.77,7.38,2019,19.076,72.8777
PROP-0804,Pune,West,Apartment,2,2679,12403820,114658,11.09,89,67,9.68,8.42,7.04,2019,18.5204,73.8567
PROP-0805,Hyderabad,South,Plot,1,2422,21735370,102710,5.67,80,57,3.61,6.13,7.27,2018,17.385,78.4867
PROP-0806,Hyderabad,West,Apartment,2,2035,8559889,10593,1.49,94,95,6.06,6.98,7.86,2023,17.385,78.4867
PROP-0807,Hyderabad,South,Commercial,2,3225,10124697,117838,13.97,67,78,5.0,6.92,7.41,2018,17.385,78.4867
PROP-0808,Hyderabad,South,Apartment,1,2131,20467034,30608,1.79,91,59,2.64,6.54,7.18,2023,17.385,78.4867
PROP-0809,Hyderabad,South,Plot,1,1956,24611737,36571,1.78,72,53,6.47,8.46,4.2,2019,17.385,78.4867
PROP-0810,Delhi,West,Plot,1,3590,7740779,57034,8.84,89,87,6.95,6.05,7.36,2023,28.6139,77.209
PROP-0811,Hyderabad,South,Apartment,1,1230,7538469,116546,18.55,79,91,4.14,7.05,7.18,2024,17.385,78.4867
PROP-0812,Hyderabad,Central,Plot,2,3174,8847833,95687,12.98,69,60,2.79,7.05,5.39,2025,17.385,78.4867
PROP-0813,Mumbai,West,Villa,2,850,8890531,47909,6.47,69,74,9.06,6.46,4.71,2019,19.076,72.8777
PROP-0814,Delhi,West,Plot,2,3927,3900914,52118,16.03,74,76,6.13,8.22,5.84,2024,28.6139,77.209
PROP-0815,Hyderabad,Central,Villa,2,3971,17324458,88698,6.14,95,41,7.31,8.54,4.8,2021,17.385,78.4867
PROP-0816,Delhi,West,Commercial,4,3685,4872192,96334,23.73,77,45,9.96,8.66,4.24,2023,28.6139,77.209
PROP-0817,Mumbai,East,Apartment,3,3464,23825169,72295,3.64,70,82,7.96,8.3,7.02,2019,19.076,72.8777
PROP-0818,Pune,West,Plot,3,1973,12529271,86706,8.3,77,61,6.05,6.01,6.99,2023,18.5204,73.8567
PROP-0819,Chennai,East,Commercial,2,2291,9778675,102810,12.62,87,66,2.39,7.23,6.95,2021,13.0827,80.2707
PROP-0820,Hyderabad,South,Commercial,1,2456,10314765,79871,9.29,66,90,4.3,8.21,5.83,2023,17.385,78.4867
PROP-0821,Delhi,East,Plot,5,576,12127753,20242,2.0,91,86,9.62,8.69,4.31,2023,28.6139,77.209
PROP-0822,Mumbai,Central,Apartment,2,1831,6018912,34945,6.97,97,64,2.64,8.56,5.0,2021,19.076,72.8777
PROP-0823,Pune,East,Villa,4,2281,18197258,67921,4.48,85,53,8.73,6.57,6.19,2020,18.5204,73.8567
PROP-0824,Pune,South,Commercial,2,2801,10768944,35189,3.92,87,62,9.88,6.88,4.58,2024,18.5204,73.8567
PROP-0825,Bengaluru,South,Apartment,5,2196,9715183,90444,11.17,71,91,5.94,6.53,6.05,2022,12.9716,77.5946
PROP-0826,Chennai,East,Villa,1,1371,6370343,89807,16.92,71,42,4.27,8.37,4.28,2020,13.0827,80.2707
PROP-0827,Delhi,East,Plot,3,3628,5543097,52820,11.43,98,51,2.31,6.85,7.44,2024,28.6139,77.209
PROP-0828,Delhi,South,Plot,4,3813,12971382,85525,7.91,84,51,8.2,8.34,4.95,2019,28.6139,77.209
PROP-0829,Pune,Central,Apartment,3,823,23993477,92689,4.64,62,98,3.47,8.06,5.56,2020,18.5204,73.8567
PROP-0830,Chennai,South,Plot,2,2464,3919352,118408,36.25,87,98,9.7,7.22,6.33,2020,13.0827,80.2707
PROP-0831,Mumbai,South,Commercial,5,3104,20686485,81774,4.74,67,84,7.68,8.37,7.03,2023,19.076,72.8777
PROP-0832,Chennai,South,Plot,3,2892,5665627,10415,2.21,98,93,2.1,6.64,5.22,2018,13.0827,80.2707
PROP-0833,Chennai,Central,Villa,4,2885,18559505,55839,3.61,63,56,2.51,8.73,5.7,2023,13.0827,80.2707
PROP-0834,Pune,South,Apartment,5,502,7988504,55064,8.27,94,70,8.38,8.3,7.26,2024,18.5204,73.8567
PROP-0835,Delhi,South,Commercial,1,1540,4265150,10672,3.0,74,81,6.18,7.36,5.44,2024,28.6139,77.209
PROP-0836,Delhi,South,Plot,4,1315,10959870,28377,3.11,61,65,8.55,6.73,5.49,2022,28.6139,77.209
PROP-0837,Delhi,West,Plot,4,2106,22831402,10643,0.56,94,42,7.56,8.54,5.65,2019,28.6139,77.209
PROP-0838,Mumbai,North,Commercial,3,3915,20225497,39259,2.33,90,72,7.35,7.91,5.0,2018,19.076,72.8777
PROP-0839,Delhi,West,Commercial,4,2795,3318648,46204,16.71,87,78,6.25,6.68,5.74,2022,28.6139,77.209
PROP-0840,Chennai,South,Plot,1,1520,4015588,37116,11.09,74,67,5.67,7.35,5.56,2018,13.0827,80.2707
PROP-0841,Mumbai,Central,Villa,4,3023,8185935,112266,16.46,67,67,3.93,7.27,7.99,2018,19.076,72.8777
PROP-0842,Pune,East,Commercial,4,2283,14286013,63376,5.32,92,41,4.8,6.1,6.56,2020,18.5204,73.8567
PROP-0843,Chennai,South,Villa,2,2527,12032885,37688,3.76,67,100,5.2,6.28,4.17,2020,13.0827,80.2707
PROP-0844,Hyderabad,East,Plot,3,2128,19793653,50184,3.04,93,61,3.35,6.17,7.41,2022,17.385,78.4867
PROP-0845,Delhi,North,Apartment,5,1005,23819472,14638,0.74,77,59,2.06,8.44,6.89,2019,28.6139,77.209
PROP-0846,Bengaluru,West,Plot,2,1372,18656892,74999,4.82,71,45,2.58,7.33,6.37,2020,12.9716,77.5946
PROP-0847,Bengaluru,Central,Villa,1,3901,7602725,39382,6.22,71,83,2.99,7.76,6.58,2025,12.9716,77.5946
PROP-0848,Delhi,North,Plot,3,1241,17174048,102175,7.14,70,65,4.01,8.69,7.02,2020,28.6139,77.209
PROP-0849,Pune,West,Plot,1,1821,5268660,33568,7.65,78,94,4.25,8.37,7.43,2025,18.5204,73.8567
PROP-0850,Chennai,South,Plot,3,3422,23301611,110852,5.71,73,45,9.23,8.66,7.4,2020,13.0827,80.2707
PROP-0851,Bengaluru,East,Commercial,3,3258,16929538,97075,6.88,68,75,5.19,7.9,7.02,2025,12.9716,77.5946
PROP-0852,Pune,South,Commercial,4,1700,19540921,69367,4.26,98,49,2.97,7.13,5.85,2022,18.5204,73.8567
PROP-0853,Hyderabad,East,Villa,5,3088,21494047,90507,5.05,95,96,11.71,7.0,7.45,2024,17.385,78.4867
PROP-0854,Hyderabad,Central,Villa,2,1087,9989926,74858,8.99,81,47,10.09,6.09,4.45,2025,17.385,78.4867
PROP-0855,Hyderabad,West,Plot,2,3105,5713015,45713,9.6,74,92,4.71,8.55,7.19,2020,17.385,78.4867
PROP-0856,Pune,Central,Villa,4,1095,9098292,49437,6.52,74,57,11.81,8.76,7.74,2024,18.5204,73.8567
PROP-0857,Delhi,South,Villa,5,1406,7788399,55245,8.51,67,96,3.39,7.84,4.93,2022,28.6139,77.209
PROP-0858,Hyderabad,South,Apartment,2,3661,22916331,33603,1.76,67,48,7.6,7.66,7.5,2023,17.385,78.4867
PROP-0859,Pune,West,Villa,5,3536,23616487,25162,1.28,61,55,2.31,7.81,4.92,2019,18.5204,73.8567
PROP-0860,Chennai,South,Plot,5,2332,18075406,66666,4.43,77,61,6.52,7.69,6.3,2025,13.0827,80.2707
PROP-0861,Hyderabad,Central,Commercial,2,2277,19792832,44490,2.7,64,60,11.38,7.07,7.58,2021,17.385,78.4867
PROP-0862,Bengaluru,East,Apartment,2,814,20550199,40508,2.37,99,42,5.46,7.21,5.83,2025,12.9716,77.5946
PROP-0863,Hyderabad,East,Plot,1,907,17199348,46245,3.23,61,88,3.38,7.1,4.01,2019,17.385,78.4867
PROP-0864,Pune,East,Villa,5,1203,18718326,34540,2.21,71,70,3.31,8.77,6.64,2022,18.5204,73.8567
PROP-0865,Pune,North,Commercial,4,2725,6527171,109019,20.04,83,82,11.15,7.64,5.74,2024,18.5204,73.8567
PROP-0866,Pune,East,Plot,5,1600,12246398,62236,6.1,75,74,2.79,7.04,7.18,2021,18.5204,73.8567
PROP-0867,Pune,South,Plot,1,1084,4454157,32039,8.63,94,69,10.67,6.97,6.23,2021,18.5204,73.8567
PROP-0868,Pune,Central,Plot,4,3251,10477499,82551,9.45,98,80,6.42,6.65,5.1,2020,18.5204,73.8567
PROP-0869,Mumbai,Central,Commercial,1,1205,4911712,22599,5.52,99,66,10.3,6.92,6.2,2024,19.076,72.8777
PROP-0870,Pune,North,Apartment,4,2496,22522303,16774,0.89,71,53,7.92,8.47,5.57,2020,18.5204,73.8567
PROP-0871,Chennai,East,Commercial,3,1849,6074785,85841,16.96,82,96,7.6,8.52,4.21,2024,13.0827,80.2707
PROP-0872,Delhi,West,Apartment,2,1604,24453583,109008,5.35,70,84,5.81,8.15,7.65,2022,28.6139,77.209
PROP-0873,Hyderabad,East,Villa,5,2094,10898557,10728,1.18,61,58,4.98,8.98,5.22,2019,17.385,78.4867
PROP-0874,Bengaluru,Central,Apartment,4,1424,11018803,108971,11.87,99,81,4.8,8.06,7.06,2023,12.9716,77.5946
PROP-0875,Delhi,East,Apartment,4,1499,14283387,89225,7.5,79,66,7.3,6.59,5.85,2021,28.6139,77.209
PROP-0876,Hyderabad,Central,Apartment,2,1027,13297079,51412,4.64,88,55,2.4,6.27,7.15,2022,17.385,78.4867
PROP-0877,Chennai,West,Villa,3,3637,5663396,104725,22.19,60,58,7.39,7.21,4.5,2022,13.0827,80.2707
PROP-0878,Hyderabad,Central,Commercial,4,3208,22054262,67736,3.69,67,42,6.64,7.1,6.68,2024,17.385,78.4867
PROP-0879,Hyderabad,North,Apartment,1,1885,15284782,65799,5.17,80,89,10.6,6.77,6.28,2021,17.385,78.4867
PROP-0880,Hyderabad,East,Villa,4,1376,9294490,93177,12.03,80,58,8.66,8.89,7.29,2020,17.385,78.4867
PROP-0881,Pune,West,Apartment,3,3179,24235617,25412,1.26,95,54,11.12,7.0,6.21,2018,18.5204,73.8567
PROP-0882,Hyderabad,North,Plot,3,789,16809163,111117,7.93,100,97,7.29,6.23,4.48,2020,17.385,78.4867
PROP-0883,Mumbai,North,Plot,3,3749,15491006,78144,6.05,91,70,3.34,8.89,5.1,2023,19.076,72.8777
PROP-0884,Mumbai,North,Plot,5,1055,24342102,67966,3.35,63,57,4.84,8.46,7.27,2020,19.076,72.8777
PROP-0885,Delhi,West,Plot,2,3011,23249998,68614,3.54,92,50,3.26,7.04,7.03,2023,28.6139,77.209
PROP-0886,Hyderabad,West,Commercial,5,1551,22677693,29184,1.54,95,66,2.96,6.0,7.7,2021,17.385,78.4867
PROP-0887,Hyderabad,East,Plot,3,3817,5431337,46498,10.27,78,76,7.86,6.64,6.01,2025,17.385,78.4867
PROP-0888,Chennai,North,Villa,4,635,22891858,29759,1.56,64,61,3.44,6.36,6.78,2023,13.0827,80.2707
PROP-0889,Mumbai,East,Plot,2,1419,23788309,33128,1.67,93,73,8.38,6.88,6.67,2022,19.076,72.8777
PROP-0890,Delhi,Central,Commercial,2,2076,24803651,46773,2.26,64,46,4.69,8.4,4.41,2022,28.6139,77.209
PROP-0891,Delhi,South,Commercial,4,1307,4640354,24491,6.33,77,93,6.99,7.72,5.2,2023,28.6139,77.209
PROP-0892,Pune,Central,Villa,4,2425,24140350,30790,1.53,93,51,9.57,8.12,6.93,2019,18.5204,73.8567
PROP-0893,Chennai,East,Apartment,2,2383,13169126,43790,3.99,100,98,3.51,8.03,7.54,2022,13.0827,80.2707
PROP-0894,Mumbai,Central,Apartment,2,561,11682589,23056,2.37,63,69,3.86,8.63,5.45,2024,19.076,72.8777
PROP-0895,Pune,North,Commercial,3,3073,3128183,61786,23.7,81,48,4.06,8.4,6.93,2022,18.5204,73.8567
PROP-0896,Hyderabad,South,Apartment,4,2254,14083169,104941,8.94,80,81,6.92,6.64,4.9,2024,17.385,78.4867
PROP-0897,Chennai,West,Apartment,3,1561,19903145,44163,2.66,70,73,4.2,8.66,5.57,2024,13.0827,80.2707
PROP-0898,Mumbai,South,Commercial,4,2065,15842113,23195,1.76,65,84,8.35,6.52,4.07,2023,19.076,72.8777
PROP-0899,Pune,West,Villa,2,1201,17415974,100781,6.94,72,95,11.82,6.44,6.74,2023,18.5204,73.8567
PROP-0900,Bengaluru,East,Commercial,3,941,3063005,116610,45.68,60,66,5.43,6.14,6.27,2018,12.9716,77.5946
PROP-0901,Pune,South,Apartment,1,3967,16996923,26946,1.9,61,83,4.67,7.57,7.64,2021,18.5204,73.8567
PROP-0902,Hyderabad,East,Apartment,1,1439,24758201,73020,3.54,99,94,7.71,8.92,4.09,2019,17.385,78.4867
PROP-0903,Bengaluru,West,Villa,2,3407,15428541,62326,4.85,75,94,3.29,8.96,7.2,2021,12.9716,77.5946
PROP-0904,Mumbai,North,Commercial,3,2801,22656754,62488,3.31,65,76,5.97,8.94,7.61,2023,19.076,72.8777
PROP-0905,Delhi,Central,Plot,4,791,6475595,104703,19.4,86,61,6.21,8.99,6.19,2018,28.6139,77.209
PROP-0906,Mumbai,Central,Commercial,3,2304,13470932,90998,8.11,69,98,9.11,7.58,6.7,2023,19.076,72.8777
PROP-0907,Pune,West,Plot,4,3997,16680718,113952,8.2,76,56,5.05,7.97,6.17,2023,18.5204,73.8567
PROP-0908,Mumbai,West,Apartment,2,1420,13403576,45543,4.08,89,42,8.93,7.44,6.79,2020,19.076,72.8777
PROP-0909,Mumbai,Central,Apartment,4,3506,10285091,70080,8.18,62,69,5.6,8.49,7.8,2023,19.076,72.8777
PROP-0910,Pune,East,Apartment,3,2606,3590396,36197,12.1,90,78,9.3,7.53,7.47,2021,18.5204,73.8567
PROP-0911,Delhi,West,Plot,4,2155,7574029,72902,11.55,66,81,8.55,7.62,4.04,2025,28.6139,77.209
PROP-0912,Hyderabad,North,Commercial,1,1052,17561780,15207,1.04,98,97,6.65,6.25,5.77,2018,17.385,78.4867
PROP-0913,Delhi,South,Apartment,2,2163,18875983,21516,1.37,94,63,9.88,8.5,4.72,2021,28.6139,77.209
PROP-0914,Delhi,West,Apartment,1,3988,9500455,55667,7.03,63,67,10.87,7.0,6.49,2018,28.6139,77.209
PROP-0915,Bengaluru,North,Apartment,3,3493,3589807,88749,29.67,79,68,6.73,8.06,7.6,2020,12.9716,77.5946
PROP-0916,Bengaluru,East,Villa,3,1893,13770519,90773,7.91,91,94,5.07,8.5,7.94,2025,12.9716,77.5946
PROP-0917,Hyderabad,East,Commercial,1,3152,13913389,110751,9.55,80,67,9.1,8.25,6.95,2019,17.385,78.4867
PROP-0918,Hyderabad,East,Villa,1,2319,23665388,109817,5.57,68,86,9.31,8.6,7.58,2021,17.385,78.4867
PROP-0919,Pune,Central,Plot,3,3788,19996645,38866,2.33,80,53,2.05,7.15,4.52,2022,18.5204,73.8567
PROP-0920,Hyderabad,East,Villa,2,2299,19174683,28240,1.77,65,66,3.82,6.12,5.28,2019,17.385,78.4867
PROP-0921,Mumbai,South,Apartment,3,3415,5190028,32696,7.56,82,50,2.3,7.11,6.14,2018,19.076,72.8777
PROP-0922,Mumbai,South,Plot,4,510,12252607,42055,4.12,79,79,11.06,6.89,6.59,2023,19.076,72.8777
PROP-0923,Bengaluru,South,Commercial,1,3349,16300000,60014,4.42,70,48,8.66,6.04,7.75,2024,12.9716,77.5946
PROP-0924,Bengaluru,Central,Apartment,2,2640,7747464,80954,12.54,88,68,10.7,8.07,4.98,2019,12.9716,77.5946
PROP-0925,Mumbai,North,Apartment,2,1902,4738916,113686,28.79,81,84,3.36,7.22,7.09,2018,19.076,72.8777
PROP-0926,Hyderabad,North,Apartment,4,1245,12844584,38010,3.55,95,49,7.63,7.93,5.24,2025,17.385,78.4867
PROP-0927,Pune,Central,Apartment,5,3594,10204529,50752,5.97,79,44,6.74,7.98,4.64,2018,18.5204,73.8567
PROP-0928,Chennai,East,Apartment,4,3495,9771356,92352,11.34,61,49,4.35,6.33,6.11,2023,13.0827,80.2707
PROP-0929,Bengaluru,East,Plot,2,1510,23380528,110819,5.69,81,43,3.19,7.41,7.15,2020,12.9716,77.5946
PROP-0930,Bengaluru,Central,Commercial,3,1780,3654492,25148,8.26,60,76,2.5,8.9,6.43,2024,12.9716,77.5946
PROP-0931,Hyderabad,South,Plot,5,3990,23222903,86841,4.49,79,58,5.0,7.31,4.09,2025,17.385,78.4867
PROP-0932,Chennai,North,Plot,5,3734,7057157,113357,19.28,69,95,10.76,7.54,5.9,2020,13.0827,80.2707
PROP-0933,Pune,West,Commercial,2,3039,18269387,56849,3.73,75,76,11.6,6.9,7.62,2022,18.5204,73.8567
PROP-0934,Mumbai,West,Villa,2,1196,8076285,16059,2.39,84,82,6.45,8.56,4.3,2023,19.076,72.8777
PROP-0935,Bengaluru,East,Villa,5,1327,11584092,75312,7.8,78,84,4.31,8.9,4.61,2021,12.9716,77.5946
PROP-0936,Bengaluru,East,Villa,1,3608,20055574,97672,5.84,73,40,10.15,7.68,4.54,2019,12.9716,77.5946
PROP-0937,Delhi,East,Villa,3,2765,13770174,31486,2.74,61,46,7.18,7.9,4.64,2020,28.6139,77.209
PROP-0938,Pune,North,Apartment,1,2039,14135147,58980,5.01,88,53,3.44,7.91,6.66,2020,18.5204,73.8567
PROP-0939,Delhi,East,Plot,3,1970,3550933,49829,16.84,95,44,8.98,7.5,6.95,2025,28.6139,77.209
PROP-0940,Chennai,North,Commercial,3,2457,21360093,52729,2.96,63,40,8.18,6.53,6.6,2023,13.0827,80.2707
PROP-0941,Bengaluru,West,Plot,2,3115,3280519,30141,11.03,94,59,4.31,6.21,4.06,2018,12.9716,77.5946
PROP-0942,Bengaluru,West,Villa,3,2608,13992970,36119,3.1,87,93,6.66,8.5,6.33,2025,12.9716,77.5946
PROP-0943,Hyderabad,West,Commercial,1,2763,7395002,56935,9.24,96,86,2.85,8.29,7.39,2025,17.385,78.4867
PROP-0944,Mumbai,West,Villa,2,3655,5158927,61930,14.41,81,72,6.27,8.52,6.81,2022,19.076,72.8777
PROP-0945,Hyderabad,South,Villa,1,1447,21226555,64930,3.67,100,55,11.41,8.25,6.49,2020,17.385,78.4867
PROP-0946,Bengaluru,South,Villa,1,891,14904766,74409,5.99,85,72,2.9,7.89,5.97,2021,12.9716,77.5946
PROP-0947,Delhi,Central,Apartment,5,3109,7832479,87959,13.48,65,73,8.31,8.53,5.23,2022,28.6139,77.209
PROP-0948,Pune,South,Apartment,4,1495,23754840,59139,2.99,100,60,8.13,6.55,5.62,2025,18.5204,73.8567
PROP-0949,Delhi,North,Villa,3,1917,12809721,117450,11.0,95,76,3.34,8.8,5.68,2019,28.6139,77.209
PROP-0950,Pune,Central,Plot,4,2056,23286965,99228,5.11,80,71,2.67,7.99,6.04,2024,18.5204,73.8567
PROP-0951,Bengaluru,East,Plot,2,2729,20491544,106810,6.25,88,90,4.43,6.26,5.72,2024,12.9716,77.5946
PROP-0952,Mumbai,West,Plot,1,1677,17869155,10397,0.7,84,45,4.13,8.37,4.87,2024,19.076,72.8777
PROP-0953,Delhi,North,Plot,5,1556,7001831,95326,16.34,64,70,4.28,6.44,5.55,2025,28.6139,77.209
PROP-0954,Mumbai,Central,Plot,3,1590,18423999,35145,2.29,77,44,11.95,7.64,6.99,2019,19.076,72.8777
PROP-0955,Hyderabad,North,Apartment,4,1627,9367699,83356,10.68,68,67,4.26,8.37,7.42,2025,17.385,78.4867
PROP-0956,Bengaluru,West,Apartment,5,3669,17414925,18919,1.3,85,46,3.13,7.14,5.17,2023,12.9716,77.5946
PROP-0957,Bengaluru,Central,Villa,5,2950,14109586,40291,3.43,99,74,9.64,7.52,6.3,2018,12.9716,77.5946
PROP-0958,Pune,Central,Villa,3,2267,5636948,93579,19.92,94,99,9.84,8.4,4.47,2018,18.5204,73.8567
PROP-0959,Bengaluru,Central,Apartment,2,1435,23695615,119064,6.03,62,63,9.28,7.37,4.68,2020,12.9716,77.5946
PROP-0960,Hyderabad,East,Apartment,4,831,17093534,15057,1.06,89,49,8.13,8.01,7.62,2023,17.385,78.4867
PROP-0961,Delhi,West,Apartment,2,1898,12018558,84087,8.4,72,58,6.17,8.2,6.0,2020,28.6139,77.209
PROP-0962,Delhi,South,Commercial,1,1198,24300363,19764,0.98,100,78,2.42,7.65,7.69,2020,28.6139,77.209
PROP-0963,Pune,North,Plot,2,1072,12616562,45246,4.3,64,94,9.36,6.35,7.04,2020,18.5204,73.8567
PROP-0964,Delhi,Central,Villa,4,1488,20777247,27121,1.57,70,96,6.59,8.49,7.54,2018,28.6139,77.209
PROP-0965,Bengaluru,South,Commercial,2,2108,9980689,93272,11.21,70,79,5.9,6.26,4.71,2020,12.9716,77.5946
PROP-0966,Bengaluru,North,Commercial,1,757,8041458,28137,4.2,90,52,11.07,7.64,6.07,2019,12.9716,77.5946
PROP-0967,Pune,North,Villa,5,3247,7950533,31736,4.79,61,67,7.14,6.48,4.2,2023,18.5204,73.8567
PROP-0968,Chennai,West,Commercial,3,3472,12364232,80050,7.77,64,88,3.8,7.99,6.88,2018,13.0827,80.2707
PROP-0969,Chennai,Central,Commercial,3,1025,16082084,55173,4.12,73,41,5.22,7.74,4.83,2022,13.0827,80.2707
PROP-0970,Mumbai,South,Plot,2,1898,17116779,53100,3.72,90,44,7.1,8.7,7.83,2021,19.076,72.8777
PROP-0971,Mumbai,North,Plot,2,1867,24235947,93944,4.65,66,48,8.95,6.75,5.77,2024,19.076,72.8777
PROP-0972,Hyderabad,North,Villa,2,585,17933892,57308,3.83,83,55,5.63,8.7,5.95,2023,17.385,78.4867
PROP-0973,Bengaluru,Central,Commercial,1,659,4749874,50035,12.64,96,100,10.34,6.38,6.4,2024,12.9716,77.5946
PROP-0974,Bengaluru,West,Commercial,1,2185,24621557,69653,3.39,90,93,2.99,7.91,7.96,2018,12.9716,77.5946
PROP-0975,Hyderabad,South,Villa,4,2234,7274701,110969,18.3,86,80,4.77,7.44,4.96,2022,17.385,78.4867
PROP-0976,Chennai,South,Plot,2,2100,10422623,100746,11.6,61,49,7.82,8.51,5.77,2018,13.0827,80.2707
PROP-0977,Mumbai,North,Villa,2,524,9272569,29138,3.77,65,96,10.27,8.05,6.46,2022,19.076,72.8777
PROP-0978,Hyderabad,East,Plot,3,1711,24642713,102573,4.99,98,54,9.74,6.53,5.4,2018,17.385,78.4867
PROP-0979,Delhi,South,Commercial,3,1376,8544217,109871,15.43,70,55,5.72,6.7,5.98,2024,28.6139,77.209
PROP-0980,Pune,South,Apartment,4,1371,4103057,23346,6.83,84,54,2.81,7.61,7.38,2020,18.5204,73.8567
PROP-0981,Mumbai,North,Apartment,4,2983,19231726,39024,2.43,62,82,2.44,8.06,7.49,2019,19.076,72.8777
PROP-0982,Hyderabad,West,Plot,2,1395,23002272,110258,5.75,70,95,10.54,6.78,4.81,2025,17.385,78.4867
PROP-0983,Chennai,East,Plot,4,791,24661658,82357,4.01,86,41,10.71,6.94,4.57,2019,13.0827,80.2707
PROP-0984,Pune,East,Plot,5,1120,11439691,51638,5.42,77,74,10.14,8.93,6.04,2025,18.5204,73.8567
PROP-0985,Mumbai,Central,Commercial,3,3483,23098520,113036,5.87,97,45,3.63,6.31,4.18,2022,19.076,72.8777
PROP-0986,Hyderabad,West,Villa,2,3907,22135586,31918,1.73,71,90,6.54,6.27,4.33,2018,17.385,78.4867
PROP-0987,Pune,East,Apartment,1,1396,19395227,54845,3.39,93,41,11.54,6.81,5.05,2023,18.5204,73.8567
PROP-0988,Hyderabad,South,Commercial,4,1638,19089434,111349,7.0,78,51,10.67,6.51,4.57,2023,17.385,78.4867
PROP-0989,Bengaluru,West,Apartment,2,870,4421624,93218,25.3,61,77,3.31,7.88,7.43,2023,12.9716,77.5946
PROP-0990,Mumbai,North,Plot,4,3821,17645533,27252,1.85,85,96,8.04,6.2,7.88,2019,19.076,72.8777
PROP-0991,Pune,East,Plot,2,934,9947417,28155,3.4,87,91,3.39,7.94,7.71,2025,18.5204,73.8567
PROP-0992,Mumbai,Central,Apartment,2,2113,20326447,101219,5.98,75,80,11.85,6.18,6.33,2020,19.076,72.8777
PROP-0993,Hyderabad,West,Plot,3,898,6847289,27495,4.82,86,61,11.77,8.76,6.1,2018,17.385,78.4867
PROP-0994,Delhi,Central,Plot,1,654,20211232,81271,4.83,65,49,5.14,8.39,5.15,2023,28.6139,77.209
PROP-0995,Mumbai,Central,Plot,5,3346,4340375,93492,25.85,66,85,4.84,8.51,6.08,2023,19.076,72.8777
PROP-0996,Pune,Central,Commercial,4,684,6587745,61027,11.12,66,55,11.61,7.33,5.99,2021,18.5204,73.8567
PROP-0997,Mumbai,North,Plot,5,3810,16005985,101230,7.59,73,71,8.83,7.16,5.98,2021,19.076,72.8777
PROP-0998,Hyderabad,North,Villa,5,745,20643295,117151,6.81,100,78,10.95,8.0,5.58,2022,17.385,78.4867
PROP-0999,Bengaluru,East,Apartment,3,654,12966138,73272,6.78,68,58,5.86,7.66,4.63,2023,12.9716,77.5946
PROP-1000,Pune,East,Apartment,4,1936,13810605,70221,6.1,82,95,9.36,7.97,7.32,2019,18.5204,73.8567
